invoice_id,customer_code,product_code,quantity,unite_price,invoice_date,row_id,total_buy
3,customer1,879200,10,950000,10/01/1404,1,9500000
3,customer1,879193,8,1400000,10/01/1404,2,11200000
3,customer1,879516052,5,450000,10/01/1404,3,2250000
5,customer3,115,4,70000,12/01/1404,1,280000
5,customer3,855341113,1,617000,12/01/1404,2,617000
5,customer3,855341805,1,2750000,12/01/1404,3,2750000
5,customer3,160,2,48000000,12/01/1404,4,96000000
5,customer3,118,12,60000,12/01/1404,5,720000
5,customer3,855321201,2,32000,12/01/1404,6,64000
5,customer3,855121104,2,1250000,12/01/1404,7,2500000
5,customer3,256,4,250000,12/01/1404,8,1000000
5,customer3,855321105,5,40000,12/01/1404,9,200000
5,customer3,855121404,2,2500000,12/01/1404,10,5000000
5,customer3,641522,2,3500000,12/01/1404,11,7000000
5,customer3,470,4,3300000,12/01/1404,12,13200000
5,customer3,611,2,500000,12/01/1404,13,1000000
5,customer3,646,1,2700000,12/01/1404,14,2700000
5,customer3,647,4,2200000,12/01/1404,15,8800000
5,customer3,855121162,4,1100000,12/01/1404,16,4400000
5,customer3,641642,2,3600000,12/01/1404,17,7200000
5,customer3,1233,2,450000,12/01/1404,18,900000
5,customer3,855121235,2,1050000,12/01/1404,19,2100000
5,customer3,855121402,4,1500000,12/01/1404,20,6000000
5,customer3,819161025,32,411730,12/01/1404,21,13175360
5,customer3,879163,3,3400000,12/01/1404,22,10200000
5,customer3,879164,4,2600000,12/01/1404,23,10400000
5,customer3,879177,2,6000000,12/01/1404,24,12000000
5,customer3,879001,2,6000000,12/01/1404,25,12000000
5,customer3,879516116,1.5,1400000,12/01/1404,26,2100000
6,customer4,879516186,1,447000000,18/01/1404,1,447000000
6,customer4,149,1,45000000,18/01/1404,2,45000000
7,customer5,819141020,16,291720,18/01/1404,1,4667520
7,customer5,855321101,10,33330,18/01/1404,2,333300
7,customer5,855321301,10,43890,18/01/1404,3,438900
7,customer5,341901,1,654000,18/01/1404,4,654000
7,customer5,1199,10,50000,18/01/1404,5,500000
8,customer5,819141020,20,291720,16/01/1404,1,5834400
9,customer6,855141504,1,2587420,18/01/1404,1,2587420
9,customer6,807261401,29,22330,18/01/1404,2,647570
9,customer6,641412,1,5570400,18/01/1404,3,5570400
9,customer6,747,3,950000,18/01/1404,4,2850000
9,customer6,516,1,1500000,18/01/1404,5,1500000
9,customer6,855162642,2,1860320,18/01/1404,6,3720640
9,customer6,855161302,6,1813570,18/01/1404,7,10881420
9,customer6,855161102,2,1139050,18/01/1404,8,2278100
9,customer6,371016,212,24310,18/01/1404,9,5153720
9,customer6,371020,28,30800,18/01/1404,10,862400
9,customer6,855311138,2,18185860,18/01/1404,11,36371720
9,customer6,641642,1,3277890,18/01/1404,12,3277890
9,customer6,641436,2,10216690,18/01/1404,13,20433380
9,customer6,855121142,2,960190,18/01/1404,14,1920380
9,customer6,323035,1,7851690,18/01/1404,15,7851690
9,customer6,855121235,3,886490,18/01/1404,16,2659470
9,customer6,855121432,2,2409880,18/01/1404,17,4819760
9,customer6,855311134,2,9182360,18/01/1404,18,18364720
9,customer6,855121906,3,1159840,18/01/1404,19,3479520
9,customer6,417,3,700000,18/01/1404,20,2100000
9,customer6,855141104,1,1634930,18/01/1404,21,1634930
9,customer6,855162410,3,1789150,18/01/1404,22,5367450
9,customer6,92632,1.8,1404150,18/01/1404,23,2527470
9,customer6,807311119,8,259380,18/01/1404,24,2075040
9,customer6,807311125,1,320100,18/01/1404,25,320100
9,customer6,855163402,4,2631200,18/01/1404,26,10524800
9,customer6,323065,1,11018700,18/01/1404,27,11018700
9,customer6,807311110,5,56760,18/01/1404,28,283800
9,customer6,813121020,65.5,533830,18/01/1404,29,34965865
9,customer6,855161710,4,1154230,18/01/1404,30,4616920
9,customer6,855162402,23,1307680,18/01/1404,31,30076640
9,customer6,855141502,3,1864830,18/01/1404,32,5594490
9,customer6,855121102,6,572550,18/01/1404,33,3435300
9,customer6,807311113,2,107030,18/01/1404,34,214060
9,customer6,813121016,309,301730,18/01/1404,35,93234570
10,customer7,807261401,300,24640,21/01/1404,1,7392000
10,customer7,819161020,280,258280,21/01/1404,2,72318400
10,customer7,546,100,52360,21/01/1404,3,5236000
10,customer7,371020,100,41470,21/01/1404,4,4147000
10,customer7,861645151,10,1600060,21/01/1404,5,16000600
10,customer7,855341201,20,680020,21/01/1404,6,13600400
10,customer7,855321301,250,43890,21/01/1404,7,10972500
10,customer7,855321101,360,33330,21/01/1404,8,11998800
10,customer7,855341101,20,414920,21/01/1404,9,8298400
10,customer7,861645155,10,2375560,21/01/1404,10,23755600
12,customer8,855311134,10,8268480,18/01/1404,1,82684800
12,customer8,371016,2000,32780,18/01/1404,2,65560000
12,customer8,371020,1000,41470,18/01/1404,3,41470000
13,customer9,855211326,24,3179440,19/01/1404,1,76306560
13,customer9,855311237,2,24768920,19/01/1404,2,49537840
13,customer9,855311238,4,28935500,19/01/1404,3,115742000
13,customer9,855311239,3,31838730,19/01/1404,4,95516190
13,customer9,962,36,547580,19/01/1404,5,19712880
13,customer9,323085,2,15389400,19/01/1404,6,30778800
13,customer9,855121906,40,1102200,19/01/1404,7,44088000
13,customer9,855121908,15,2337060,19/01/1404,8,35055900
13,customer9,855121242,12,2335320,19/01/1404,9,28023840
13,customer9,861641102,96,1719190,19/01/1404,10,165042240
14,customer9,1273,100,360000,19/01/1404,1,36000000
14,customer9,1281,12,342000,19/01/1404,2,4104000
14,customer9,1142,50,222000,19/01/1404,3,11100000
14,customer9,1140,60,595000,19/01/1404,4,35700000
14,customer9,1148,25,463000,19/01/1404,5,11575000
14,customer9,1146,40,1290000,19/01/1404,6,51600000
14,customer9,1144,48,770000,19/01/1404,7,36960000
14,customer9,1145,20,264000,19/01/1404,8,5280000
14,customer9,1155,12,1120000,19/01/1404,9,13440000
14,customer9,1151,14,1275000,19/01/1404,10,17850000
14,customer9,1150,20,393000,19/01/1404,11,7860000
14,customer9,1271,50,152000,19/01/1404,12,7600000
14,customer9,1158,20,920000,19/01/1404,13,18400000
15,customer10,879516158,1,53500000,21/01/1404,1,53500000
15,customer10,879516167,1,18000000,21/01/1404,2,18000000
15,customer10,879516159,1,31000000,21/01/1404,3,31000000
15,customer10,879516160,1,18636000,21/01/1404,4,18636000
15,customer10,417,3,1000000,21/01/1404,5,3000000
15,customer10,516,1,1500000,21/01/1404,6,1500000
15,customer10,747,3,950000,21/01/1404,7,2850000
16,customer10,855121442,1,2699070,21/01/1404,1,2699070
16,customer10,807261401,25,24640,21/01/1404,2,616000
16,customer10,641412,2,6115230,21/01/1404,3,12230460
16,customer10,807311113,6,113960,21/01/1404,4,683760
16,customer10,855121102,4,587950,21/01/1404,5,2351800
16,customer10,855121908,2,2337060,21/01/1404,6,4674120
16,customer10,855121906,1,1102200,21/01/1404,7,1102200
16,customer10,855311134,2,10080400,21/01/1404,8,20160800
16,customer10,807311110,5,60500,21/01/1404,9,302500
16,customer10,323065,1,12841700,21/01/1404,10,12841700
16,customer10,807311125,1,340890,21/01/1404,11,340890
16,customer10,855162410,2,1782330,21/01/1404,12,3564660
16,customer10,807311119,8,276210,21/01/1404,13,2209680
16,customer10,855161710,1,1369500,21/01/1404,14,1369500
16,customer10,855162436,2,6397710,21/01/1404,15,12795420
16,customer10,641642,1,3598540,21/01/1404,16,3598540
16,customer10,855121142,2,1139270,21/01/1404,17,2278540
16,customer10,641436,2,11215930,21/01/1404,18,22431860
16,customer10,323035,1,9238800,21/01/1404,19,9238800
16,customer10,855121235,4,1051710,21/01/1404,20,4206840
16,customer10,855162642,2,1853280,21/01/1404,21,3706560
16,customer10,547,20,67650,21/01/1404,22,1353000
16,customer10,371016,300,32780,21/01/1404,23,9834000
16,customer10,371020,30,41470,21/01/1404,24,1244100
16,customer10,855311238,2,28935500,21/01/1404,25,57871000
17,customer11,1140,60,595000,21/01/1404,1,35700000
17,customer11,1142,50,222000,21/01/1404,2,11100000
17,customer11,1141,30,452000,21/01/1404,3,13560000
17,customer11,1135,15,5670000,21/01/1404,4,85050000
17,customer11,1134,20,8190000,21/01/1404,5,163800000
17,customer11,1136,20,4320000,21/01/1404,6,86400000
17,customer11,1155,10,1120000,21/01/1404,7,11200000
17,customer11,1147,20,934000,21/01/1404,8,18680000
17,customer11,1148,25,463000,21/01/1404,9,11575000
17,customer11,1146,20,1290000,21/01/1404,10,25800000
17,customer11,1145,40,264000,21/01/1404,11,10560000
17,customer11,1143,20,545000,21/01/1404,12,10900000
17,customer11,1144,30,770000,21/01/1404,13,23100000
17,customer11,1267,15,413000,21/01/1404,14,6195000
17,customer11,1198,15,730000,21/01/1404,15,10950000
18,customer11,855321761,20,82280,21/01/1404,1,1645600
18,customer11,855341301,120,436370,21/01/1404,2,52364400
18,customer11,855341401,10,992970,21/01/1404,3,9929700
18,customer11,861645155,10,2375560,21/01/1404,4,23755600
18,customer11,855321501,170,61710,21/01/1404,5,10490700
18,customer11,855341101,15,414920,21/01/1404,6,6223800
18,customer11,855321301,250,43890,21/01/1404,7,10972500
18,customer11,855341201,10,680020,21/01/1404,8,6800200
18,customer11,855321201,50,31900,21/01/1404,9,1595000
18,customer11,861645151,10,1600060,21/01/1404,10,16000600
18,customer11,855341701,10,481140,21/01/1404,11,4811400
18,customer11,962,36,547580,21/01/1404,12,19712880
18,customer11,819161020,280,258280,21/01/1404,13,72318400
18,customer11,819161025,100,411730,21/01/1404,14,41173000
19,customer12,641412,3,6115230,23/01/1404,1,18345690
19,customer12,641436,4,11215930,23/01/1404,2,44863720
19,customer12,855141534,2,2576310,23/01/1404,3,5152620
19,customer12,855161702,3,1134650,23/01/1404,4,3403950
19,customer12,813121016,100,339240,23/01/1404,5,33924000
19,customer12,855121906,2,1102200,23/01/1404,6,2204400
21,customer13,879516185,1,88550000,23/01/1404,1,88550000
21,customer13,879516179,1,95380000,23/01/1404,2,95380000
21,customer13,879516170,2,19520000,23/01/1404,3,39040000
21,customer13,879516171,2,18770000,23/01/1404,4,37540000
21,customer13,879516172,2,25280000,23/01/1404,5,50560000
21,customer13,879516173,2,18480000,23/01/1404,6,36960000
21,customer13,879516061,1,74830000,23/01/1404,7,74830000
21,customer13,879516062,1,74830000,23/01/1404,8,74830000
21,customer13,879516063,1,70280000,23/01/1404,9,70280000
21,customer13,879516197,1,74450000,23/01/1404,10,74450000
22,customer13,879516127,10,6268350,23/01/1404,1,62683500
22,customer13,962,36,547580,23/01/1404,2,19712880
23,customer14,879157,10,250000,23/01/1404,1,2500000
23,customer14,1422,3,16600000,23/01/1404,2,49800000
23,customer14,400,60,310000,23/01/1404,3,18600000
23,customer14,323095,2,19044700,23/01/1404,4,38089400
23,customer14,1264,4,12770000,23/01/1404,5,51080000
23,customer14,1266,4,6760000,23/01/1404,6,27040000
24,customer15,546,20,52360,23/01/1404,1,1047200
24,customer15,547,90,67650,23/01/1404,2,6088500
25,customer7,1144,60,770000,23/01/1404,1,46200000
25,customer7,1143,100,545000,23/01/1404,2,54500000
25,customer7,1136,20,4320000,23/01/1404,3,86400000
25,customer7,1134,10,8190000,23/01/1404,4,81900000
25,customer7,1135,10,5670000,23/01/1404,5,56700000
25,customer7,1140,60,595000,23/01/1404,6,35700000
26,customer16,962,144,547580,23/01/1404,1,78851520
27,customer17,676,1,3500000,24/01/1404,1,3500000
27,customer17,879516117,1,35000000,24/01/1404,2,35000000
28,customer9,905,20,654170,24/01/1404,1,13083400
28,customer9,962,36,547580,24/01/1404,2,19712880
28,customer9,1140,120,595000,24/01/1404,3,71400000
28,customer9,1144,60,770000,24/01/1404,4,46200000
28,customer9,1266,13,8110000,24/01/1404,5,105430000
28,customer9,1271,70,152000,24/01/1404,6,10640000
28,customer9,1264,25,15100000,24/01/1404,7,377500000
29,customer18,855121235,3,1051710,25/01/1404,1,3155130
29,customer18,641312,1,5886980,25/01/1404,2,5886980
29,customer18,855211336,2,7241630,25/01/1404,3,14483260
29,customer18,547,10,67650,25/01/1404,4,676500
29,customer18,855311238,2,28935500,25/01/1404,5,57871000
29,customer18,92632,10,1567720,25/01/1404,6,15677200
29,customer18,855121244,2,1952170,25/01/1404,7,3904340
30,customer18,879157,6,250000,25/01/1404,1,1500000
30,customer18,747,1,950000,25/01/1404,2,950000
31,customer19,855321309,4,115830,24/01/1404,1,463320
31,customer19,855311134,2,10080400,24/01/1404,2,20160800
31,customer19,807261409,2,72160,24/01/1404,3,144320
31,customer19,855211336,4,7241630,24/01/1404,4,28966520
31,customer19,819121032,4,1078660,24/01/1404,5,4314640
31,customer19,323035,1,9238800,24/01/1404,6,9238800
32,customer19,516,1,1500000,25/01/1404,1,1500000
34,customer18,879516116,1,1500000,25/01/1405,1,1500000
34,customer18,879245,1,2400000,25/01/1405,2,2400000
34,customer18,879516017,1,9000000,25/01/1405,3,9000000
34,customer18,879162,2,3200000,25/01/1405,4,6400000
34,customer18,879161,2,2500000,25/01/1405,5,5000000
34,customer18,879001,1,7000000,25/01/1405,6,7000000
34,customer18,1233,1,500000,25/01/1405,7,500000
34,customer18,611,1,600000,25/01/1405,8,600000
34,customer18,684,1,9500000,25/01/1405,9,9500000
34,customer18,641522,2,3521980,25/01/1405,10,7043960
34,customer18,641524,2,3967700,25/01/1405,11,7935400
36,customer20,855321701,2,28160,26/01/1404,1,56320
36,customer20,855321371,15,71390,26/01/1404,2,1070850
36,customer20,855321705,2,40700,26/01/1404,3,81400
36,customer20,1158,3,920000,26/01/1404,4,2760000
36,customer20,1265,2,11340000,26/01/1404,5,22680000
36,customer20,1266,3,8110000,26/01/1404,6,24330000
36,customer20,1264,2.5,15100000,26/01/1404,7,37750000
36,customer20,1153,1,365000,26/01/1404,8,365000
36,customer20,1152,7,148000,26/01/1404,9,1036000
36,customer20,1151,1,1275000,26/01/1404,10,1275000
36,customer20,1150,6,393000,26/01/1404,11,2358000
36,customer20,1146,2,1290000,26/01/1404,12,2580000
36,customer20,1145,7,264000,26/01/1404,13,1848000
36,customer20,819121020,40,338140,26/01/1404,14,13525600
36,customer20,819121025,60,536470,26/01/1404,15,32188200
36,customer20,962,12,547580,26/01/1404,16,6570960
36,customer20,1140,10,595000,26/01/1404,17,5950000
36,customer20,1141,10,452000,26/01/1404,18,4520000
36,customer20,1142,25,222000,26/01/1404,19,5550000
36,customer20,1138,2,355000,26/01/1404,20,710000
36,customer20,855321105,10,40700,26/01/1404,21,407000
36,customer20,855321605,10,80190,26/01/1404,22,801900
36,customer20,855341309,2,520080,26/01/1404,23,1040160
36,customer20,855321505,10,87340,26/01/1404,24,873400
36,customer20,855341101,3,414920,26/01/1404,25,1244760
36,customer20,855321101,8,33330,26/01/1404,26,266640
36,customer20,855321501,10,61710,26/01/1404,27,617100
36,customer20,855321305,15,69080,26/01/1404,28,1036200
36,customer20,855321301,15,43890,26/01/1404,29,658350
36,customer20,855645155,1,2375560,26/01/1404,30,2375560
36,customer20,855341401,10,992970,26/01/1404,31,9929700
36,customer20,855341301,4,436370,26/01/1404,32,1745480
36,customer20,1273,8,360000,26/01/1404,33,2880000
36,customer20,1391,1,519000,26/01/1404,34,519000
36,customer20,807261401,20,24640,26/01/1404,35,492800
36,customer20,879284,20,152000,26/01/1404,36,3040000
36,customer20,879285,7,280000,26/01/1404,37,1960000
38,customer21,819121020,140,338140,24/01/1404,1,47339600
40,customer22,129,4,1900000,24/01/1404,1,7600000
40,customer22,149,1,45000000,24/01/1404,2,45000000
40,customer22,134,1,600000,24/01/1404,3,600000
40,customer22,855161702,8,1134650,24/01/1404,4,9077200
40,customer22,344,1,600000,24/01/1404,5,600000
40,customer22,417,4,600000,24/01/1404,6,2400000
40,customer22,855121132,8,1376540,24/01/1404,7,11012320
40,customer22,855121235,2,1051710,24/01/1404,8,2103420
40,customer22,855121190,10,1226060,24/01/1404,9,12260600
40,customer22,855121186,7,849970,24/01/1404,10,5949790
40,customer22,855121188,13,927410,24/01/1404,11,12056330
40,customer22,855121182,6,631400,24/01/1404,12,3788400
40,customer22,121180,5,476520,24/01/1404,13,2382600
40,customer22,516,1,1200000,24/01/1404,14,1200000
40,customer22,500,1,1000000,24/01/1404,15,1000000
40,customer22,879148,11,500000,24/01/1404,16,5500000
40,customer22,879516054,15,1700000,24/01/1404,17,25500000
40,customer22,879516122,1,600000,24/01/1404,18,600000
41,customer6,879516174,1,12550000,29/01/1404,1,12550000
42,customer6,879516183,2,25000000,19/01/1404,1,50000000
42,customer6,879516184,2,30368000,19/01/1404,2,60736000
42,customer6,879516066,2,33728000,19/01/1404,3,67456000
42,customer6,879516140,2,79912000,19/01/1404,4,159824000
44,customer2,879232,1,36000000,30/01/1404,1,36000000
45,customer23,641642,1,3598540,26/01/1404,1,3598540
45,customer23,641602,1,3073840,26/01/1404,2,3073840
45,customer23,855121132,15,1376540,26/01/1404,3,20648100
45,customer23,1233,1,500000,26/01/1404,4,500000
45,customer23,611,1,600000,26/01/1404,5,600000
45,customer23,855121162,2,1092190,26/01/1404,6,2184380
45,customer23,855121188,7,927410,26/01/1404,7,6491870
45,customer23,121180,8,476520,26/01/1404,8,3812160
45,customer23,500,5,1000000,26/01/1404,9,5000000
45,customer23,516,1,1500000,26/01/1404,10,1500000
45,customer23,855163402,1,3121910,26/01/1404,11,3121910
45,customer23,237,1,600000,26/01/1404,12,600000
45,customer23,855161710,2,1369500,26/01/1404,13,2739000
45,customer23,641524,2,3967700,26/01/1404,14,7935400
45,customer23,641522,3,2524940,26/01/1404,15,7574820
45,customer23,855121102,2,587950,26/01/1404,16,1175900
45,customer23,879248,1,2885410,26/01/1404,17,2885410
45,customer23,879516122,1,600000,26/01/1404,18,600000
45,customer23,879516116,1,1500000,26/01/1404,19,1500000
45,customer23,879044,1,9000000,26/01/1404,20,9000000
45,customer23,879001,1,7000000,26/01/1404,21,7000000
45,customer23,855121502,1,2094180,26/01/1404,22,2094180
45,customer23,879161,2,2500000,26/01/1404,23,5000000
45,customer23,879148,10,500000,26/01/1404,24,5000000
45,customer23,879162,2,3200000,26/01/1404,25,6400000
46,customer24,647,2,2200000,30/01/1404,1,4400000
46,customer24,855121102,1,587950,30/01/1404,2,587950
46,customer24,118,1,60000,30/01/1404,3,60000
46,customer24,879001,1,7000000,30/01/1404,4,7000000
47,customer25,641412,4,6115230,30/01/1404,1,24460920
47,customer25,879516152,2,1667930,30/01/1404,2,3335860
47,customer25,371020,32,41470,30/01/1404,3,1327040
47,customer25,371016,50,32780,30/01/1404,4,1639000
47,customer25,516,1,1500000,30/01/1404,5,1500000
47,customer25,855162642,6,1853280,30/01/1404,6,11119680
47,customer25,641202,12,2611400,30/01/1404,7,31336800
47,customer25,855161112,2,2676960,30/01/1404,8,5353920
47,customer25,855121235,4,1051710,30/01/1404,9,4206840
47,customer25,855162402,10,1307680,30/01/1404,10,13076800
47,customer25,855161710,3,1369500,30/01/1404,11,4108500
47,customer25,813121020,36,598950,30/01/1404,12,21562200
47,customer25,807211110,3,60500,30/01/1404,13,181500
47,customer25,855163402,1,3121910,30/01/1404,14,3121910
47,customer25,323045,1,10862700,30/01/1404,15,10862700
47,customer25,855311136,2,14983540,30/01/1404,16,29967080
47,customer25,855341201,2,680020,30/01/1404,17,1360040
47,customer25,813121016,105.5,339240,30/01/1404,18,35789820
47,customer25,807311113,6,113960,30/01/1404,19,683760
47,customer25,855141534,1,2576310,30/01/1404,20,2576310
47,customer25,855341113,2,617000,30/01/1404,21,1234000
47,customer25,855321501,2,55539,30/01/1404,22,111078
48,customer6,879516174,1,12000000,24/01/1404,1,12000000
48,customer6,807261401,30,24640,24/01/1404,2,739200
48,customer6,855121235,2,1051710,24/01/1404,3,2103420
49,customer26,819161020,8,258280,30/01/1404,1,2066240
49,customer26,879516173,1,18480000,30/01/1404,2,18480000
49,customer26,855211610,1,4546740,30/01/1404,3,4546740
49,customer26,855321617,1,122100,30/01/1404,4,122100
49,customer26,855211112,2,1617440,30/01/1404,5,3234880
49,customer26,861645151,1,1600060,30/01/1404,6,1600060
49,customer26,855321401,2,44990,30/01/1404,7,89980
49,customer26,855341201,1,680020,30/01/1404,8,680020
49,customer26,807211125,10,17160,30/01/1404,9,171600
49,customer26,855321301,13,43890,30/01/1404,10,570570
49,customer26,855341317,2,853600,30/01/1404,11,1707200
49,customer26,641522,1,3521980,30/01/1404,12,3521980
50,customer27,855141104,4,1939850,30/01/1404,1,7759400
50,customer27,855141904,1,1533510,30/01/1404,2,1533510
50,customer27,855141504,1,2458830,30/01/1404,3,2458830
53,customer28,879001,1,7500000,31/01/1404,1,7500000
53,customer28,879161,2,2000000,31/01/1404,2,4000000
53,customer28,879162,2,3000000,31/01/1404,3,6000000
53,customer28,879516116,0.5,1500000,31/01/1404,4,750000
53,customer28,684,1,6500000,31/01/1404,5,6500000
53,customer28,1259,1,25000000,31/01/1404,6,25000000
54,customer21,855321201,20,31900,01/02/1404,1,638000
54,customer21,855321101,20,33330,01/02/1404,2,666600
54,customer21,855321305,20,69080,01/02/1404,3,1381600
54,customer21,855341401,6,992970,01/02/1404,4,5957820
54,customer21,861645155,4,2375560,01/02/1404,5,9502240
54,customer21,855341305,6,639870,01/02/1404,6,3839220
54,customer21,855321105,20,40700,01/02/1404,7,814000
54,customer21,855321371,20,64251,01/02/1404,8,1285020
54,customer21,855321701,20,28160,01/02/1404,9,563200
54,customer21,962,12,492822,01/02/1404,10,5913864
55,customer21,1271,10,152000,01/02/1404,1,1520000
55,customer21,1150,7,393000,01/02/1404,2,2751000
55,customer21,1148,4,463000,01/02/1404,3,1852000
55,customer21,1151,1,1275000,01/02/1404,4,1275000
55,customer21,1147,4,934000,01/02/1404,5,3736000
55,customer21,1145,6,264000,01/02/1404,6,1584000
55,customer21,1142,10,222000,01/02/1404,7,2220000
55,customer21,1138,3,355000,01/02/1404,8,1065000
55,customer21,1136,2,4320000,01/02/1404,9,8640000
55,customer21,1135,2,5670000,01/02/1404,10,11340000
56,customer29,1391,10,519000,01/02/1404,1,5190000
56,customer29,1158,40,920000,01/02/1404,2,36800000
57,customer29,855181558,4,5845070,01/02/1405,1,23380280
57,customer29,855213410,20,4278670,01/02/1405,2,85573400
57,customer29,855213402,20,3091330,01/02/1405,3,61826600
57,customer29,855213534,10,4513300,01/02/1405,4,45133000
57,customer29,855181522,10,3257870,01/02/1405,5,32578700
58,customer9,807261401,300,22176,01/02/1405,1,6652800
58,customer9,855121402,20,1210880,01/02/1405,2,24217600
58,customer9,855311233,4,9078850,01/02/1405,3,36315400
58,customer9,855121164,10,1818190,01/02/1405,4,18181900
58,customer9,855181306,16,5032280,01/02/1405,5,80516480
58,customer9,855212424,8,5267680,01/02/1405,6,42141440
58,customer9,855311236,4,17418280,01/02/1405,7,69673120
58,customer9,855181304,16,3017740,01/02/1405,8,48283840
58,customer9,855121160,30,648010,01/02/1405,9,19440300
58,customer9,855311133,5,6176500,01/02/1405,10,30882500
58,customer9,641326,10,5368900,01/02/1405,11,53689000
58,customer9,807311110,50,60500,01/02/1405,12,3025000
58,customer9,855121232,16,846780,01/02/1405,13,13548480
58,customer9,861641102,96,1719190,01/02/1405,14,165042240
58,customer9,813121016,600,339240,01/02/1405,15,203544000
59,customer9,1142,100,222000,01/02/1405,1,22200000
59,customer9,1148,50,463000,01/02/1405,2,23150000
61,customer12,855321905,1,281490,02/02/1404,1,281490
61,customer12,855341113,1,885940,02/02/1404,2,885940
61,customer12,855321201,1,31900,02/02/1404,3,31900
61,customer12,855121104,1,1247070,02/02/1404,4,1247070
61,customer12,807211129,10,18590,02/02/1404,5,185900
61,customer12,819141025,12,460350,02/02/1404,6,5524200
61,customer12,561645155,2,2375560,02/02/1404,7,4751120
61,customer12,855321501,1,61710,02/02/1404,8,61710
61,customer12,855321301,2,43890,02/02/1404,9,87780
61,customer12,855321305,10,69080,02/02/1404,10,690800
61,customer12,855321605,1,80190,02/02/1404,11,80190
61,customer12,855321105,3,40700,02/02/1404,12,122100
62,customer10,879516196,1,99890000,02/02/1404,1,99890000
62,customer10,879516184,2,37960000,02/02/1404,2,75920000
62,customer10,879516183,2,31250000,02/02/1404,3,62500000
62,customer10,879516066,1,42160000,02/02/1404,4,42160000
66,customer30,879516103,24,6395730,03/02/1404,1,153497520
66,customer30,813121016,3000,339240,03/02/1404,2,1017720000
66,customer30,855211424,7,3839880,03/02/1404,3,26879160
66,customer30,855212402,192,1719850,03/02/1404,4,330211200
66,customer30,861641102,144,1719190,03/02/1404,5,247563360
66,customer30,813121025,200,1014530,03/02/1404,6,202906000
66,customer30,807311119,120,276210,03/02/1404,7,33145200
66,customer30,92632,120,1567720,03/02/1404,8,188126400
66,customer30,323065,5,12841700,03/02/1404,9,64208500
66,customer30,807211141,640,104390,03/02/1404,10,66809600
66,customer30,855321751,85,252670,03/02/1404,11,21476950
66,customer30,855311139,5,21965680,03/02/1404,12,109828400
66,customer30,855211336,14,7241630,03/02/1404,13,101382820
66,customer30,855311137,6,17473500,03/02/1404,14,104841000
67,customer31,861645201,20,1636030,27/01/1404,1,32720600
67,customer31,855341301,120,436370,27/01/1404,2,52364400
67,customer31,819141025,400,460350,27/01/1404,3,184140000
67,customer31,819141020,1400,291720,27/01/1404,4,408408000
67,customer31,861645155,10,2375560,27/01/1404,5,23755600
67,customer31,855321501,170,61710,27/01/1404,6,10490700
67,customer31,855321505,100,87340,27/01/1404,7,8734000
67,customer31,819141032,80,868230,27/01/1404,8,69458400
67,customer31,855321301,250,43890,27/01/1404,9,10972500
67,customer31,855321305,150,69080,27/01/1404,10,10362000
67,customer31,807211125,400,17160,27/01/1404,11,6864000
67,customer31,861645151,20,1600060,27/01/1404,12,32001200
67,customer31,819121025,100,536470,27/01/1404,13,53647000
67,customer31,819121020,140,338140,27/01/1404,14,47339600
67,customer31,855321617,75,122100,27/01/1404,15,9157500
68,customer31,811,3,314000,04/02/1404,1,942000
68,customer31,860,30,614570,04/02/1404,2,18437100
68,customer31,861,4,707080,04/02/1404,3,2828320
68,customer31,854,6,743710,04/02/1404,4,4462260
68,customer31,847,6,892100,04/02/1404,5,5352600
68,customer31,833,4,1436820,04/02/1404,6,5747280
69,customer30,879259,250,115000,04/02/1404,1,28750000
69,customer30,1392,45,720000,04/02/1404,2,32400000
69,customer30,879154,30,630000,04/02/1404,3,18900000
69,customer30,516,20,1200000,04/02/1404,4,24000000
72,customer32,855321301,750,43890,07/02/1404,1,32917500
72,customer32,855321101,720,33330,07/02/1404,2,23997600
72,customer32,855211436,8,7200050,07/02/1404,3,57600400
72,customer32,855121106,32,1971970,07/02/1404,4,63103040
72,customer32,855181508,4,11791230,07/02/1404,5,47164920
72,customer32,819161020,280,258280,07/02/1404,6,72318400
73,customer16,855121192,15,1659790,06/02/1404,1,24896850
73,customer16,879148,100,400000,06/02/1404,2,40000000
73,customer16,813121016,600,339240,06/02/1404,3,203544000
73,customer16,855212402,96,1719850,06/02/1404,4,165105600
73,customer16,323065,2,12841700,06/02/1404,5,25683400
73,customer16,807311110,100,60500,06/02/1404,6,6050000
73,customer16,641752,48,1915980,06/02/1404,7,91967040
73,customer16,962,180,547580,06/02/1404,8,98564400
73,customer16,855121186,20,849970,06/02/1404,9,16999400
73,customer16,121180,25,476520,06/02/1404,10,11913000
73,customer16,855121182,30,631400,06/02/1404,11,18942000
73,customer16,323095,2,19044700,06/02/1404,12,38089400
73,customer16,323075,2,14951400,06/02/1404,13,29902800
73,customer16,163642,64,2838990,06/02/1404,14,181695360
73,customer16,371016,1000,32780,06/02/1404,15,32780000
74,customer9,323095,2,19044700,07/02/1404,1,38089400
75,customer9,879104,48,730000,07/02/1404,1,35040000
75,customer9,1273,30,315000,07/02/1404,2,9450000
75,customer9,1142,35,194000,07/02/1404,3,6790000
75,customer9,1140,35,520000,07/02/1404,4,18200000
75,customer9,1146,5,1130000,07/02/1404,5,5650000
75,customer9,1144,12,675000,07/02/1404,6,8100000
75,customer9,1145,20,230000,07/02/1404,7,4600000
75,customer9,1151,2,1115000,07/02/1404,8,2230000
75,customer9,1148,18,405000,07/02/1404,9,7290000
75,customer9,1150,12,340000,07/02/1404,10,4080000
75,customer9,1266,7,6970000,07/02/1404,11,48790000
75,customer9,1271,30,134000,07/02/1404,12,4020000
75,customer9,1264,12,13100000,07/02/1404,13,157200000
75,customer9,1158,8,805000,07/02/1404,14,6440000
76,customer9,962,36,547580,07/02/1404,1,19712880
78,customer31,813121020,750,598950,24/01/1404,1,449212500
78,customer31,813121025,300,1014530,24/01/1404,2,304359000
78,customer31,807311119,30,276210,24/01/1404,3,8286300
78,customer31,92632,60,1567720,24/01/1404,4,94063200
78,customer31,855211424,20,3839880,24/01/1404,5,76797600
78,customer31,855212402,96,1719850,24/01/1404,6,165105600
78,customer31,861641102,96,1719190,24/01/1404,7,165042240
78,customer31,861641110,40,1980990,24/01/1404,8,79239600
78,customer31,855121908,15,2337060,24/01/1404,9,35055900
78,customer31,855121906,20,1102200,24/01/1404,10,22044000
78,customer31,855311134,10,10080400,24/01/1404,11,100804000
78,customer31,813121016,1600,339240,24/01/1404,12,542784000
78,customer31,807311113,50,113960,24/01/1404,13,5698000
78,customer31,855121102,40,587950,24/01/1404,14,23518000
78,customer31,323125,3,24231800,24/01/1404,15,72695400
78,customer31,855213402,10,3091330,24/01/1404,16,30913300
78,customer31,855211124,10,3005970,24/01/1404,17,30059700
78,customer31,855211102,30,1186350,24/01/1404,18,35590500
78,customer31,855211112,20,1617440,24/01/1404,19,32348800
78,customer31,855121222,20,724240,24/01/1404,20,14484800
78,customer31,855211610,10,1047340,24/01/1404,21,10473400
78,customer31,855181102,30,2339370,24/01/1404,22,70181100
78,customer31,855213410,10,4278670,24/01/1404,23,42786700
78,customer31,855211410,20,2828100,24/01/1404,24,56562000
78,customer31,855211210,22,1644500,24/01/1404,25,36179000
78,customer31,163642,32,2838990,24/01/1404,26,90847680
78,customer31,516,20,1281940,24/01/1404,27,25638800
78,customer31,855211324,20,3985190,24/01/1404,28,79703800
78,customer31,5211212,13,2711500,24/01/1404,29,35249500
78,customer31,855121402,20,1476200,24/01/1404,30,29524000
79,customer31,855162402,10,1302730,08/02/1404,1,13027300
79,customer31,813121020,300,598950,08/02/1404,2,179685000
79,customer31,813121025,300,1014530,08/02/1404,3,304359000
79,customer31,855211424,15,3839880,08/02/1404,4,57598200
79,customer31,855212402,96,1719850,08/02/1404,5,165105600
79,customer31,861641102,96,1719190,08/02/1404,6,165042240
79,customer31,855311240,7,35382710,08/02/1404,7,247678970
79,customer31,855321309,80,115830,08/02/1404,8,9266400
79,customer31,819141025,200,460350,08/02/1404,9,92070000
79,customer31,819141020,420,291720,08/02/1404,10,122522400
79,customer31,819141032,80,868230,08/02/1404,11,69458400
79,customer31,813121016,1600,339240,08/02/1404,12,542784000
79,customer31,855121936,10,2358730,08/02/1404,13,23587300
79,customer31,323125,2,24231800,08/02/1404,14,48463600
79,customer31,855311234,4,14485130,08/02/1404,15,57940520
79,customer31,855212410,20,3173280,08/02/1404,16,63465600
79,customer31,855211124,10,3005970,08/02/1404,17,30059700
79,customer31,855121222,9,724240,08/02/1404,18,6518160
79,customer31,855211410,10,2828100,08/02/1404,19,28281000
79,customer31,855341345,10,939840,08/02/1404,20,9398400
79,customer31,855311235,4,18098410,08/02/1404,21,72393640
79,customer31,855311236,6,21235280,08/02/1404,22,127411680
79,customer31,323075,1,14951400,08/02/1404,23,14951400
79,customer31,855311233,2,10863820,08/02/1404,24,21727640
79,customer31,211122,10,2998380,08/02/1404,25,29983800
80,customer9,879516143,10,1371150,09/02/1404,1,13711500
80,customer9,163642,32,2838990,09/02/1404,2,90847680
80,customer9,855311237,4,24768920,09/02/1404,3,99075680
80,customer9,855212402,48,1719850,09/02/1404,4,82552800
80,customer9,855321501,170,61710,09/02/1404,5,10490700
80,customer9,855321301,250,43890,09/02/1404,6,10972500
81,customer33,1407,300,73920,09/02/1404,1,22176000
81,customer33,1406,300,61050,09/02/1404,2,18315000
81,customer33,1405,300,51480,09/02/1404,3,15444000
83,customer32,1111,30,314900,09/02/1404,1,9447000
83,customer32,807221790,30,382100,09/02/1404,2,11463000
83,customer32,807221711,30,417600,09/02/1404,3,12528000
83,customer32,855321701,100,28160,09/02/1404,4,2816000
84,customer32,807311113,12,113960,07/02/1404,1,1367520
84,customer32,813121016,1000,339240,07/02/1404,2,339240000
84,customer32,855121906,6,1102200,07/02/1404,3,6613200
84,customer32,855311135,2,12488410,07/02/1404,4,24976820
84,customer32,855121908,6,2337060,07/02/1404,5,14022360
84,customer32,855121242,6,2355320,07/02/1404,6,14131920
84,customer32,855212402,85,1719850,07/02/1404,7,146187250
84,customer32,861641110,10,1980990,07/02/1404,8,19809900
84,customer32,855121232,10,1135200,07/02/1404,9,11352000
84,customer32,861641102,82,1719190,07/02/1404,10,140973580
84,customer32,323045,2,10862700,07/02/1404,11,21725400
84,customer32,807311119,3,276210,07/02/1404,12,828630
84,customer32,807311110,100,60500,07/02/1404,13,6050000
84,customer32,807311125,3,340890,07/02/1404,14,1022670
84,customer32,813121020,150,598950,07/02/1404,15,89842500
84,customer32,163642,40,2838990,07/02/1404,16,113559600
84,customer32,855211202,6,1457280,07/02/1404,17,8743680
84,customer32,855212410,6,3173280,07/02/1404,18,19039680
84,customer32,855311239,4,31838730,07/02/1404,19,127354920
84,customer32,855211112,6,1617440,07/02/1404,20,9704640
84,customer32,855311238,2,28935500,07/02/1404,21,57871000
84,customer32,371020,200,41470,07/02/1404,22,8294000
84,customer32,855211310,6,2833820,07/02/1404,23,17002920
84,customer32,323095,3,19044700,07/02/1404,24,57134100
84,customer32,855212424,6,5267680,07/02/1404,25,31606080
84,customer32,855211324,6,3985190,07/02/1404,26,23911140
84,customer32,855121402,5,1476200,07/02/1404,27,7381000
85,customer34,807211125,3,17160,26/01/1404,1,51480
85,customer34,807211129,1,18590,26/01/1404,2,18590
85,customer34,855311134,2,10080400,26/01/1404,3,20160800
85,customer34,855121906,3,1102200,26/01/1404,4,3306600
85,customer34,855212410,2,3173280,26/01/1404,5,6346560
85,customer34,861641102,14,1719190,26/01/1404,6,24068660
85,customer34,813121020,10,598950,26/01/1404,7,5989500
85,customer34,641312,1,5886980,26/01/1404,8,5886980
85,customer34,855121235,3,1051710,26/01/1404,9,3155130
85,customer34,855211312,2,3214420,26/01/1404,10,6428840
85,customer34,855211102,2,1186350,26/01/1404,11,2372700
85,customer34,855311133,2,7529940,26/01/1404,12,15059880
86,customer34,879102,0.166,2240000,09/02/1404,1,371840
86,customer34,154,1,400000,09/02/1404,2,400000
86,customer34,136,1,200000,09/02/1404,3,200000
86,customer34,855321317,3,147000,09/02/1404,4,441000
87,customer35,149,1,50000000,04/02/1404,1,50000000
87,customer35,879516107,2,28750000,04/02/1404,2,57500000
87,customer35,879516110,4,46000000,04/02/1404,3,184000000
87,customer35,879516127,7,6268350,04/02/1404,4,43878450
87,customer35,879516130,1,295000000,04/02/1404,5,295000000
87,customer35,879516144,1,115050000,04/02/1404,6,115050000
87,customer35,879516019,1,9000000,04/02/1404,7,9000000
89,customer36,807261401,18,24640,06/02/1404,1,443520
89,customer36,819161020,64,258280,06/02/1404,2,16529920
89,customer36,855321401,8,44990,06/02/1404,3,359920
89,customer36,118,5,60000,06/02/1404,4,300000
89,customer36,855341801,2,1966910,06/02/1404,5,3933820
89,customer36,855341301,6,436370,06/02/1404,6,2618220
89,customer36,855341401,8,992970,06/02/1404,7,7943760
89,customer36,855321101,13,33330,06/02/1404,8,433290
89,customer36,855321501,18,61710,06/02/1404,9,1110780
89,customer36,855321301,25,43890,06/02/1404,10,1097250
90,customer36,855321201,4,31900,06/02/1404,1,127600
90,customer36,35,1,26934000,06/02/1404,2,26934000
90,customer36,36,6,21956000,06/02/1404,3,131736000
90,customer36,861645155,2,2375560,06/02/1404,4,4751120
90,customer36,762,6,1000000,06/02/1404,5,6000000
90,customer36,1150,10,340000,06/02/1404,6,3400000
90,customer36,641754,2,1960200,06/02/1404,7,3920400
90,customer36,641752,12,1915980,06/02/1404,8,22991760
90,customer36,962,5,492822,06/02/1404,9,2464110
90,customer36,1142,17,194000,06/02/1404,10,3298000
90,customer36,1141,5,400000,06/02/1404,11,2000000
90,customer36,1135,2,5040000,06/02/1404,12,10080000
90,customer36,1138,2,310000,06/02/1404,13,620000
90,customer36,1136,4,3840000,06/02/1404,14,15360000
91,customer36,1149,10,630000,10/02/1404,1,6300000
91,customer36,1142,7,194000,10/02/1404,2,1358000
92,customer13,879516199,1,82200000,10/02/1404,1,82200000
93,customer37,879516057,1,24500000,10/02/1404,1,24500000
94,customer38,879516127,5,6300000,10/01/1404,1,31500000
94,customer38,879516109,2,40250000,10/01/1404,2,80500000
94,customer38,879516110,3,46000000,10/01/1404,3,138000000
94,customer38,807261401,22,24640,10/01/1404,4,542080
94,customer38,807311113,7,113960,10/01/1404,5,797720
94,customer38,813121016,300,339240,10/01/1404,6,101772000
94,customer38,855121906,3,1102200,10/01/1404,7,3306600
94,customer38,855311134,2,10080400,10/01/1404,8,20160800
94,customer38,855212402,22,1719750,10/01/1404,9,37834500
94,customer38,323045,1,10862700,10/01/1404,10,10862700
94,customer38,861641102,22,1719190,10/01/1404,11,37822180
94,customer38,807311110,1,60500,10/01/1404,12,60500
94,customer38,323065,1,12841700,10/01/1404,13,12841700
94,customer38,807311125,1,340890,10/01/1404,14,340890
94,customer38,807311119,7,276210,10/01/1404,15,1933470
94,customer38,813121020,50,598950,10/01/1404,16,29947500
94,customer38,813121025,10,1014530,10/01/1404,17,10145300
94,customer38,855121235,2,1051710,10/01/1404,18,2103420
94,customer38,641312,3,5886980,10/01/1404,19,17660940
94,customer38,163642,8,2838990,10/01/1404,20,22711920
94,customer38,371016,300,32780,10/01/1404,21,9834000
94,customer38,641326,2,6896890,10/01/1404,22,13793780
94,customer38,855212410,2,3173280,10/01/1404,23,6346560
94,customer38,855311137,2,17473500,10/01/1404,24,34947000
94,customer38,855212424,2,5267680,10/01/1404,25,10535360
95,customer39,1425,2250,189970,07/02/1404,1,427432500
95,customer39,1406,3000,61050,07/02/1404,2,183150000
95,customer39,879272,3000,103180,07/02/1404,3,309540000
95,customer39,879273,2000,132110,07/02/1404,4,264220000
97,customer5,1405,1000,51480,10/02/1404,1,51480000
99,customer10,879516007,10,440000,09/02/1404,1,4400000
99,customer10,879516008,5,704000,09/02/1404,2,3520000
99,customer10,879516009,10,801000,09/02/1404,3,8010000
99,customer10,807261401,4,24640,09/02/1404,4,98560
99,customer10,118,2,60000,09/02/1404,5,120000
99,customer10,855162402,27,1302730,09/02/1404,6,35173710
99,customer10,813121020,40,598950,09/02/1404,7,23958000
99,customer10,855211552,4,3957250,09/02/1404,8,15829000
99,customer10,641202,23,2611400,09/02/1404,9,60062200
99,customer10,855162642,5,1853280,09/02/1404,10,9266400
99,customer10,855161302,8,2151820,09/02/1404,11,17214560
99,customer10,855161102,1,1115180,09/02/1404,12,1115180
99,customer10,547,8,67650,09/02/1404,13,541200
99,customer10,371020,20,41470,09/02/1404,14,829400
99,customer10,855141904,3,1533510,09/02/1404,15,4600530
100,customer40,641604,16,4493280,13/02/1404,1,71892480
100,customer40,1405,10000,51480,13/02/1404,2,514800000
100,customer40,641602,2,3073840,13/02/1404,3,6147680
101,customer41,879516108,1,34500000,13/02/1404,1,34500000
102,customer13,879516109,15,40240000,13/02/1404,1,603600000
102,customer13,879516110,20,45988600,13/02/1404,2,919772000
102,customer13,879516106,15,22993200,13/02/1404,3,344898000
103,customer13,879516177,30,980000,09/02/1404,1,29400000
103,customer13,879261,20,190000,09/02/1404,2,3800000
103,customer13,879259,20,115000,09/02/1404,3,2300000
103,customer13,879260,20,275000,09/02/1404,4,5500000
103,customer13,1464,10,1090000,09/02/1404,5,10900000
103,customer13,1422,4,14740000,09/02/1404,6,58960000
103,customer13,1273,30,315000,09/02/1404,7,9450000
103,customer13,1272,30,245000,09/02/1404,8,7350000
103,customer13,1140,30,520000,09/02/1404,9,15600000
103,customer13,1142,30,194000,09/02/1404,10,5820000
103,customer13,1141,30,400000,09/02/1404,11,12000000
103,customer13,1249,30,435000,09/02/1404,12,13050000
103,customer13,1198,30,640000,09/02/1404,13,19200000
103,customer13,1158,40,805000,09/02/1404,14,32200000
103,customer13,1159,30,1070000,09/02/1404,15,32100000
103,customer13,1264,17,13100000,09/02/1404,16,222700000
103,customer13,1271,30,134000,09/02/1404,17,4020000
103,customer13,1267,30,360000,09/02/1404,18,10800000
103,customer13,1266,20,6970000,09/02/1404,19,139400000
103,customer13,1265,20,9850000,09/02/1404,20,197000000
103,customer13,1150,10,340000,09/02/1404,21,3400000
103,customer13,1149,30,630000,09/02/1404,22,18900000
103,customer13,1148,30,405000,09/02/1404,23,12150000
103,customer13,1151,10,1115000,09/02/1404,24,11150000
103,customer13,1156,10,700000,09/02/1404,25,7000000
103,customer13,1144,30,675000,09/02/1404,26,20250000
103,customer13,1145,30,230000,09/02/1404,27,6900000
103,customer13,1143,30,475000,09/02/1404,28,14250000
103,customer13,1146,30,1130000,09/02/1404,29,33900000
103,customer13,1147,30,815000,09/02/1404,30,24450000
104,customer13,905,20,654170,10/02/1404,1,13083400
104,customer13,904,30,556820,10/02/1404,2,16704600
104,customer13,903,50,471460,10/02/1404,3,23573000
104,customer13,547,700,67650,10/02/1404,4,47355000
104,customer13,371020,2000,41470,10/02/1404,5,82940000
104,customer13,371016,3000,32780,10/02/1404,6,98340000
104,customer13,546,1400,52360,10/02/1404,7,73304000
104,customer13,813121016,400,339240,10/02/1404,8,135696000
105,customer42,879260,30,275000,07/02/1404,1,8250000
105,customer42,879261,30,190000,07/02/1404,2,5700000
105,customer42,879259,30,115000,07/02/1404,3,3450000
105,customer42,1146,20,1130000,07/02/1404,4,22600000
105,customer42,1143,80,475000,07/02/1404,5,38000000
105,customer42,1155,30,980000,07/02/1404,6,29400000
105,customer42,1151,30,1115000,07/02/1404,7,33450000
105,customer42,1134,35,7280000,07/02/1404,8,254800000
105,customer42,1135,35,5040000,07/02/1404,9,176400000
105,customer42,1136,45,3840000,07/02/1404,10,172800000
105,customer42,1140,120,520000,07/02/1404,11,62400000
106,customer41,1143,3,545000,24/01/1404,1,1635000
106,customer41,1049,2,200000,24/01/1404,2,400000
106,customer41,163,4,200000,24/01/1404,3,800000
106,customer41,129,2,368571,24/01/1404,4,737142
106,customer41,879516055,4,456932,24/01/1404,5,1827728
106,customer41,879516054,3,1300000,24/01/1404,6,3900000
106,customer41,807261401,30,24640,24/01/1404,7,739200
106,customer41,879048,1,260000,24/01/1404,8,260000
107,customer30,462113,1,1774080,15/02/1404,1,1774080
108,customer43,819121020,280,338140,15/02/1404,1,94679200
108,customer43,855321751,80,252670,15/02/1404,2,20213600
108,customer43,855321309,80,115830,15/02/1404,3,9266400
108,customer43,861645201,10,1636030,15/02/1404,4,16360300
108,customer43,861645151,10,1600060,15/02/1404,5,16000600
108,customer43,855321742,50,398310,15/02/1404,6,19915500
108,customer43,855321505,100,87340,15/02/1404,7,8734000
108,customer43,855321501,170,61710,15/02/1404,8,10490700
108,customer43,861645155,10,2375560,15/02/1404,9,23755600
108,customer43,819141025,200,460350,15/02/1404,10,92070000
109,customer44,417,3,1000000,15/02/1404,1,3000000
109,customer44,118,4,60000,15/02/1404,2,240000
109,customer44,516,1,1500000,15/02/1404,3,1500000
109,customer44,747,3,950000,15/02/1404,4,2850000
110,customer44,855162402,29,1302730,15/02/1404,1,37779170
110,customer44,813121020,12,598950,15/02/1404,2,7187400
110,customer44,855162436,2,6397710,15/02/1404,3,12795420
110,customer44,807311119,10,276210,15/02/1404,4,2762100
110,customer44,855162410,2,1782330,15/02/1404,5,3564660
110,customer44,92632,12,1567720,15/02/1404,6,18812640
110,customer44,807311110,6,60500,15/02/1404,7,363000
110,customer44,855121244,2,1952170,15/02/1404,8,3904340
110,customer44,807311125,1,340890,15/02/1404,9,340890
110,customer44,323045,1,10862700,15/02/1404,10,10862700
110,customer44,855311240,2,35382710,15/02/1404,11,70765420
110,customer44,855121906,1,1102200,15/02/1404,12,1102200
110,customer44,855121908,2,2337060,15/02/1404,13,4674120
110,customer44,855311135,1,12488410,15/02/1404,14,12488410
110,customer44,855311134,1,10080400,15/02/1404,15,10080400
110,customer44,813121016,400,339240,15/02/1404,16,135696000
110,customer44,855121102,4,587950,15/02/1404,17,2351800
110,customer44,807311113,12,113960,15/02/1404,18,1367520
110,customer44,855121142,2,1139270,15/02/1404,19,2278540
110,customer44,641436,2,11215930,15/02/1404,20,22431860
110,customer44,641202,29,2611400,15/02/1404,21,75730600
110,customer44,641426,1,10681990,15/02/1404,22,10681990
110,customer44,855121235,4,1051710,15/02/1404,23,4206840
110,customer44,371016,170,32780,15/02/1404,24,5572600
110,customer44,371020,10,41470,15/02/1404,25,414700
110,customer44,855162642,19,1853280,15/02/1404,26,35212320
110,customer44,547,10,67650,15/02/1404,27,676500
110,customer44,323075,1,14951400,15/02/1404,28,14951400
110,customer44,855121188,2,927410,15/02/1404,29,1854820
110,customer44,813141025,10,953480,15/02/1404,30,9534800
110,customer44,641412,2,6115230,15/02/1404,31,12230460
110,customer44,807261401,50,24640,15/02/1404,32,1232000
111,customer1,819161020,140,258280,13/02/1404,1,36159200
113,customer45,1159,1,1070000,16/02/1404,1,1070000
113,customer45,1145,4,230000,16/02/1404,2,920000
113,customer45,1144,2,675000,16/02/1404,3,1350000
113,customer45,1146,2,1130000,16/02/1404,4,2260000
113,customer45,1148,5,405000,16/02/1404,5,2025000
113,customer45,1150,6,340000,16/02/1404,6,2040000
113,customer45,1149,2,630000,16/02/1404,7,1260000
113,customer45,1151,1,1115000,16/02/1404,8,1115000
113,customer45,1138,2,310000,16/02/1404,9,620000
113,customer45,1137,0.0833,8560000,16/02/1404,10,713048
113,customer45,1136,2,3840000,16/02/1404,11,7680000
113,customer45,1134,1,7280000,16/02/1404,12,7280000
113,customer45,1135,2,5040000,16/02/1404,13,10080000
113,customer45,1142,16,194000,16/02/1404,14,3104000
113,customer45,1141,10,400000,16/02/1404,15,4000000
113,customer45,1140,10,520000,16/02/1404,16,5200000
114,customer45,855321209,2,45540,16/02/1404,1,91080
114,customer45,855321617,2,122100,16/02/1404,2,244200
114,customer45,855321109,4,70840,16/02/1404,3,283360
114,customer45,855341341,2,669020,16/02/1404,4,1338040
114,customer45,855341409,6,1342440,16/02/1404,5,8054640
114,customer45,962,5,547580,16/02/1404,6,2737900
114,customer45,855321709,2,55440,16/02/1404,7,110880
114,customer45,819121020,92,338140,16/02/1404,8,31108880
114,customer45,819121032,24,1078660,16/02/1404,9,25887840
114,customer45,855321309,6,115830,16/02/1404,10,694980
114,customer45,855321605,10,80190,16/02/1404,11,801900
114,customer45,855321105,10,40700,16/02/1404,12,407000
114,customer45,855321301,40,43890,16/02/1404,13,1755600
114,customer45,855321305,20,69080,16/02/1404,14,1381600
114,customer45,855321101,14,33330,16/02/1404,15,466620
114,customer45,855321505,8,87340,16/02/1404,16,698720
114,customer45,855341301,12,436370,16/02/1404,17,5236440
114,customer45,819141025,52,460350,16/02/1404,18,23938200
114,customer45,855341401,3,992970,16/02/1404,19,2978910
114,customer45,861645155,2,2375560,16/02/1404,20,4751120
114,customer45,855321201,8,31900,16/02/1404,21,255200
114,customer45,807261401,28,24640,16/02/1404,22,689920
114,customer45,855321621,2,144870,16/02/1404,23,289740
115,customer46,879516108,3,36600000,16/02/1404,1,109800000
115,customer46,879516110,4,48800000,16/02/1404,2,195200000
115,customer46,645,1,511000000,16/02/1404,3,511000000
116,customer46,879177,1,9500000,16/02/1404,1,9500000
116,customer46,879162,2,3200000,16/02/1404,2,6400000
116,customer46,879161,2,2400000,16/02/1404,3,4800000
116,customer46,879148,14,450000,16/02/1404,4,6300000
116,customer46,879001,1,9000000,16/02/1404,5,9000000
116,customer46,879245,1,2900000,16/02/1404,6,2900000
116,customer46,879516116,0.5,1500000,16/02/1404,7,750000
116,customer46,879516127,7,6268350,16/02/1404,8,43878450
116,customer46,118,12,60000,16/02/1404,9,720000
116,customer46,115,2,40000,16/02/1404,10,80000
116,customer46,641524,2,4180000,16/02/1404,11,8360000
116,customer46,641522,1,3521980,16/02/1404,12,3521980
116,customer46,641642,1,3598540,16/02/1404,13,3598540
116,customer46,1233,1,500000,16/02/1404,14,500000
116,customer46,121180,6,476520,16/02/1404,15,2859120
116,customer46,611,1,600000,16/02/1404,16,600000
118,customer43,855341221,10,1492590,18/02/1404,1,14925900
118,customer43,341901,20,659840,18/02/1404,2,13196800
118,customer43,855341345,10,939840,18/02/1404,3,9398400
118,customer43,855321617,30,122100,18/02/1404,4,3663000
118,customer43,855321109,10,70840,18/02/1404,5,708400
118,customer43,855341121,10,902770,18/02/1404,6,9027700
118,customer43,855341801,10,1966910,18/02/1404,7,19669100
118,customer43,855321301,250,43890,18/02/1404,8,10972500
118,customer43,855341401,30,992970,18/02/1404,9,29789100
119,customer43,879273,200,155430,22/02/1404,1,31086000
119,customer43,819121020,420,338140,22/02/1404,2,142018800
120,customer31,855212402,48,1719850,20/2/1404,1,82552800
120,customer31,855311240,2,35382710,20/2/1404,2,70765420
120,customer31,855321605,120,80190,20/2/1404,3,9622800
120,customer31,855341301,240,436370,20/2/1404,4,104728800
120,customer31,819141025,400,460350,20/2/1404,5,184140000
120,customer31,819141020,700,291720,20/2/1404,6,204204000
120,customer31,855341401,60,992970,20/2/1404,7,59578200
120,customer31,855321505,100,87340,20/2/1404,8,8734000
120,customer31,819141032,80,868230,20/2/1404,9,69458400
120,customer31,855321101,360,33330,20/2/1404,10,11998800
120,customer31,855321301,750,43890,20/2/1404,11,32917500
120,customer31,855321305,150,69080,20/2/1404,12,10362000
120,customer31,855321501,340,61710,20/2/1404,13,20981400
120,customer31,855341201,160,680020,20/2/1404,14,108803200
120,customer31,861645151,55,1600060,20/2/1404,15,88003300
120,customer31,855121142,30,1139270,20/2/1404,16,34178100
120,customer31,819121020,140,338140,20/2/1404,17,47339600
120,customer31,819121032,80,1078660,20/2/1404,18,86292800
120,customer31,855213402,20,3091330,20/2/1404,19,61826600
120,customer31,855321371,190,71390,20/2/1404,20,13564100
120,customer31,855212410,20,3173280,20/2/1404,21,63465600
120,customer31,855211302,6,2593910,20/2/1404,22,15563460
120,customer31,855211310,4,2833820,20/2/1404,23,11335280
120,customer31,855121402,15,1476200,20/2/1404,24,22143000
123,customer1,962,3,656150,26/02/1404,1,1968450
123,customer1,1405,100,56430,26/02/1404,2,5643000
123,customer1,879273,200,155430,26/02/1404,3,31086000
123,customer1,879272,200,121440,26/02/1404,4,24288000
124,customer1,1138,8,310000,26/02/1404,1,2480000
124,customer1,1249,2,435000,26/02/1404,2,870000
124,customer1,1272,4,245000,26/02/1404,3,980000
125,customer17,287,1,2500000,27/02/1404,1,2500000
127,customer47,92632,16,1567720,27/02/1404,1,25083520
128,customer43,807261401,150,24640,28/02/1404,1,3696000
128,customer43,819121020,48,338140,28/02/1404,2,16230720
128,customer43,855341309,95,520080,28/02/1404,3,49407600
128,customer43,855321301,250,43890,28/02/1404,4,10972500
128,customer43,855341301,120,436370,28/02/1404,5,52364400
128,customer43,819141020,280,291720,28/02/1404,6,81681600
130,customer41,855161102,1,1115180,28/02/1404,1,1115180
130,customer41,855161302,10,2151820,28/02/1404,2,21518200
130,customer41,855121142,2,1139270,28/02/1404,3,2278540
130,customer41,807311110,5,60500,28/02/1404,4,302500
130,customer41,855161710,1,1369500,28/02/1404,5,1369500
130,customer41,813121020,28,598950,28/02/1404,6,16770600
130,customer41,417,1,1000000,28/02/1404,7,1000000
130,customer41,855121102,6,587950,28/02/1404,8,3527700
130,customer41,813121016,8,339240,28/02/1404,9,2713920
130,customer41,118,3,60000,28/02/1404,10,180000
131,customer48,1136,50,3840000,18/02/1404,1,192000000
131,customer48,1135,25,5040000,18/02/1404,2,126000000
131,customer48,1134,25,7280000,18/02/1404,3,182000000
133,customer49,855121190,2,1226060,29/02/1404,1,2452120
133,customer49,371020,14,41470,29/02/1404,2,580580
133,customer49,855141502,1,1864830,29/02/1404,3,1864830
133,customer49,855162402,2,1302730,29/02/1404,4,2605460
133,customer49,813121020,22,598850,29/02/1404,5,13174700
133,customer49,855121906,1,1102200,29/02/1404,6,1102200
134,customer50,855141102,14,1196910,29/02/1404,1,16756740
135,customer44,855141102,2,1196910,29/02/1404,1,2393820
136,customer6,879516203,15,400000,29/02/1404,1,6000000
136,customer6,879091,5.6,630000,29/02/1404,2,3528000
136,customer6,807261401,12,24640,29/02/1404,3,295680
136,customer6,879157,7,250000,29/02/1404,4,1750000
136,customer6,641412,2,6115230,29/02/1404,5,12230460
136,customer6,1438,84,320540,29/02/1404,6,26925360
136,customer6,855161302,7,2151820,29/02/1404,7,15062740
136,customer6,855162642,5,1853280,29/02/1404,8,9266400
136,customer6,855616102,1,1115180,29/02/1404,9,1115180
136,customer6,855321705,2,36630,29/02/1404,10,73260
136,customer6,371020,78,41470,29/02/1404,11,3234660
136,customer6,641436,2,11215930,29/02/1404,12,22431860
136,customer6,641202,20,2611400,29/02/1404,13,52228000
136,customer6,323035,1,9889000,29/02/1404,14,9889000
136,customer6,855121235,4,1051710,29/02/1404,15,4206840
136,customer6,855311134,2,10080400,29/02/1404,16,20160800
136,customer6,855121432,2,2409880,29/02/1404,17,4819760
136,customer6,400,82,350000,29/02/1404,18,28700000
136,customer6,855311136,2,14983540,29/02/1404,19,29967080
136,customer6,855121906,2,1102200,29/02/1404,20,2204400
136,customer6,417,1,1000000,29/02/1404,21,1000000
136,customer6,855162410,2,1782330,29/02/1404,22,3564660
136,customer6,92632,1.8,1567720,29/02/1404,23,2821896
136,customer6,807311125,1,340890,29/02/1404,24,340890
136,customer6,323065,1,13808520,29/02/1404,25,13808520
136,customer6,807311110,2,60500,29/02/1404,26,121000
136,customer6,641940,1,10931140,29/02/1404,27,10931140
136,customer6,855162436,2,6397710,29/02/1404,28,12795420
136,customer6,813121020,55,598950,29/02/1404,29,32942250
136,customer6,855161710,2,1369500,29/02/1404,30,2739000
136,customer6,855162402,8,1302730,29/02/1404,31,10421840
136,customer6,118,2,60000,29/02/1404,32,120000
136,customer6,855121102,2,587950,29/02/1404,33,1175900
136,customer6,807311113,5,113960,29/02/1404,34,569800
136,customer6,813121016,590,339240,29/02/1404,35,200151600
137,customer51,819161020,4,258280,29/02/1404,1,1033120
137,customer51,855141302,1,3167670,29/02/1404,2,3167670
137,customer51,855341705,3,397980,29/02/1404,3,1193940
137,customer51,855321605,2,80190,29/02/1404,4,160380
137,customer51,813121016,7,339240,29/02/1404,5,2374680
137,customer51,813121102,2,578950,29/02/1404,6,1157900
137,customer51,118,1,60000,29/02/1404,7,60000
137,customer51,855321301,12,43890,29/02/1404,8,526680
137,customer51,855341301,2,436370,29/02/1404,9,872740
138,customer51,1142,4,194000,09/02/1404,1,776000
138,customer51,1136,0.166,3840000,09/02/1404,2,637440
138,customer51,1271,1,134000,09/02/1404,3,134000
138,customer51,1145,1,230000,09/02/1404,4,230000
139,customer52,855341301,4,436370,31/02/1404,1,1745480
139,customer52,855321101,5,33330,31/02/1404,2,166650
139,customer52,855321301,4,43890,31/02/1404,3,175560
139,customer52,855321501,3,61710,31/02/1404,4,185130
139,customer52,855321701,2,28160,31/02/1404,5,56320
139,customer52,807261201,1,26620,31/02/1404,6,26620
140,customer41,879516204,2,1100000,31/02/1404,1,2200000
142,customer1,819141025,100,460350,02/03/1404,1,46035000
142,customer1,855341801,10,1966910,02/03/1404,2,19669100
142,customer1,855341805,10,2745820,02/03/1404,3,27458200
142,customer1,855341809,2,3573900,02/03/1404,4,7147800
142,customer1,879273,158,155430,02/03/1404,5,24557940
143,customer53,807261401,69,24640,26/01/1404,1,1700160
144,customer26,819161020,12,258280,30/01/1404,1,3099360
144,customer26,879164,2,2600000,30/01/1404,2,5200000
144,customer26,879516044,2,3200000,30/01/1404,3,6400000
144,customer26,879516173,2,18480000,30/01/1404,4,36960000
144,customer26,855341909,1,851070,30/01/1404,5,851070
144,customer26,855321741,4,215820,30/01/1404,6,863280
144,customer26,855341309,1,520080,30/01/1404,7,520080
144,customer26,118,2,60000,30/01/1404,8,120000
144,customer26,855321201,2,31900,30/01/1404,9,63800
144,customer26,807211125,10,17160,30/01/1404,10,171600
144,customer26,855321501,3,61710,30/01/1404,11,185130
144,customer26,855321301,5,43890,30/01/1404,12,219450
144,customer26,855321505,2,87340,30/01/1404,13,174680
144,customer26,861645155,1,2375560,30/01/1404,14,2375560
144,customer26,819141025,4,460350,30/01/1404,15,1841400
144,customer26,855341301,2,436370,30/01/1404,16,872740
144,customer26,855341317,8,853600,30/01/1404,17,6828800
144,customer26,855321605,3,80190,30/01/1404,18,240570
144,customer26,807211109,10,12100,30/01/1404,19,121000
144,customer26,641522,1,3521980,30/01/1404,20,3521980
144,customer26,855321105,1,40700,30/01/1404,21,40700
144,customer26,807211105,10,11000,30/01/1404,22,110000
145,customer6,855162682,1,5943630,03/02/1404,1,5943630
145,customer6,516,1,1281940,03/02/1404,2,1281940
145,customer6,855141522,2,3615700,03/02/1404,3,7231400
146,customer54,855321705,2,36630,02/02/1404,1,73260
146,customer54,819141025,60,460350,02/02/1404,2,27621000
146,customer54,819141020,8,291720,02/02/1404,3,2333760
146,customer54,855321301,8,43890,02/02/1404,4,351120
146,customer54,855321305,4,69080,02/02/1404,5,276320
146,customer54,855321201,4,31900,02/02/1404,6,127600
146,customer54,855321605,3,80190,02/02/1404,7,240570
146,customer54,855321105,16,40700,02/02/1404,8,651200
147,customer22,879516204,2,1100000,27/02/1404,1,2200000
147,customer22,879516158,1,53500000,27/02/1404,2,53500000
147,customer22,879516167,1,18000000,27/02/1404,3,18000000
147,customer22,879516159,1,31000000,27/02/1404,4,31000000
147,customer22,879516160,1,18636000,27/02/1404,5,18636000
148,customer21,819121025,36,536470,02/03/1404,1,19312920
148,customer21,879516198,1,3047660,02/03/1404,2,3047660
149,customer21,819121020,40,338140,03/02/1404,1,13525600
149,customer21,819121025,8,536470,03/02/1404,2,4291760
150,customer7,819161025,100,411730,16/02/1404,1,41173000
150,customer7,341901,20,659840,16/02/1404,2,13196800
150,customer7,861645151,15,1600060,16/02/1404,3,24000900
150,customer7,855321501,170,61710,16/02/1404,4,10490700
150,customer7,855341301,120,436370,16/02/1404,5,52364400
150,customer7,807211109,80,11000,16/02/1404,6,880000
151,customer55,855121186,3,849970,16/02/1404,1,2549910
151,customer55,121180,3,476520,16/02/1404,2,1429560
151,customer55,855121182,3,631400,16/02/1404,3,1894200
151,customer55,516,1,1281940,16/02/1404,4,1281940
151,customer55,855341121,3,902770,16/02/1404,1,2708310
151,customer55,855321301,2,43890,16/02/1404,2,87780
151,customer55,855321501,1,61710,16/02/1404,3,61710
151,customer55,861645201,1,1636030,16/02/1404,4,1636030
151,customer55,855121244,1,1952170,16/02/1404,5,1952170
151,customer55,855321309,2,115830,16/02/1404,6,231660
151,customer55,861645159,1,3526820,16/02/1404,7,3526820
153,customer11,962,72,656150,17/02/1404,1,47242800
154,customer26,855141534,2,2576310,20/02/1404,1,5152620
154,customer26,855141530,1,2799720,20/02/1404,2,2799720
154,customer26,807341212,1,1079500,20/02/1404,3,1079500
154,customer26,855161110,1,1983630,20/02/1404,4,1983630
155,customer41,962,2,547580,20/02/1404,1,1095160
156,customer1,855321301,250,43890,20/02/1404,1,10972500
156,customer1,855321305,150,69080,20/02/1404,2,10362000
157,customer44,855162402,14,1302730,23/02/1404,1,18238220
157,customer44,855161710,1,1369500,23/02/1404,2,1369500
157,customer44,813121020,25,598950,23/02/1404,3,14973750
157,customer44,855162436,2,6397710,23/02/1404,4,12795420
157,customer44,807311119,5,276210,23/02/1404,5,1381050
157,customer44,92632,20,1567720,23/02/1404,6,31354400
157,customer44,855141104,1,1939850,23/02/1404,7,1939850
157,customer44,807311110,2,60500,23/02/1404,8,121000
157,customer44,323065,1,13808520,23/02/1404,9,13808520
157,customer44,807241513,2,46200,23/02/1404,10,92400
157,customer44,855121906,2,1102200,23/02/1404,11,2204400
157,customer44,855311135,2,12488410,23/02/1404,12,24976820
157,customer44,855121432,1,2409880,23/02/1404,13,2409880
157,customer44,807311113,2,113960,23/02/1404,14,227920
157,customer44,855141508,2,8626860,23/02/1404,15,17253720
157,customer44,641436,2,10042450,23/02/1404,16,20084900
157,customer44,641202,14,2611400,23/02/1404,17,36559600
157,customer44,855121235,2,1051710,23/02/1404,18,2103420
157,customer44,855162642,4,1853280,23/02/1404,19,7413120
157,customer44,547,12,67650,23/02/1404,20,811800
157,customer44,807311150,2,723340,23/02/1404,21,1446680
157,customer44,807261409,2,72160,23/02/1404,22,144320
157,customer44,747,2,950000,23/02/1404,23,1900000
157,customer44,855311132,2,5156690,23/02/1404,24,10313380
157,customer44,807261401,18,24640,23/02/1404,25,443520
157,customer44,855141504,2,2458830,23/02/1404,26,4917660
157,customer44,641412,2,6115230,23/02/1404,27,12230460
158,customer40,1405,10000,56430,03/03/1404,1,564300000
158,customer40,681802,64,3329810,03/03/1404,2,213107840
158,customer40,641602,48,3073840,03/03/1404,3,147544320
161,customer32,819141025,200,460350,03/03/1404,1,92070000
161,customer32,855321305,300,69080,03/03/1404,2,20724000
161,customer32,819141032,80,868230,03/03/1404,3,69458400
161,customer32,855341805,20,2745820,03/03/1404,4,54916400
161,customer32,861645205,25,2232450,03/03/1404,5,55811250
161,customer32,92632,120,1567720,03/03/1404,6,188126400
161,customer32,855321105,250,40700,03/03/1404,7,10175000
161,customer32,807221790,44,401800,03/03/1404,8,17679200
161,customer32,807221711,50,440100,03/03/1404,9,22005000
161,customer32,855161736,20,3573900,03/03/1404,10,71478000
161,customer32,861645209,10,3915230,03/03/1404,11,39152300
161,customer32,879516141,4,8421490,03/03/1404,12,33685960
161,customer32,855121192,30,1659790,03/03/1404,13,49793700
162,customer13,855212424,32,5267680,03/03/1404,1,168565760
162,customer13,855162682,12,5943630,03/03/1404,2,71323560
162,customer13,855212682,16,6642570,03/03/1404,3,106281120
162,customer13,855311133,5,7529940,03/03/1404,4,37649700
162,customer13,813121025,100,1014530,03/03/1404,5,101453000
162,customer13,813121020,300,598950,03/03/1404,6,179685000
162,customer13,813121016,1000,339240,03/03/1404,7,339240000
162,customer13,855341317,80,853600,03/03/1404,8,68288000
162,customer13,855341101,190,414920,03/03/1404,9,78834800
163,customer56,855121235,15,1051710,01/03/1404,1,15775650
163,customer56,855211324,2,3985190,01/03/1404,2,7970380
163,customer56,855212424,8,5267680,01/03/1404,3,42141440
163,customer56,855181502,8,3651120,01/03/1404,4,29208960
163,customer56,371016,200,32780,01/03/1404,5,6556000
163,customer56,855311237,4,24768920,01/03/1404,6,99075680
163,customer56,163642,40,2838990,01/03/1404,7,113559600
163,customer56,855211326,4,3179440,01/03/1404,8,12717760
163,customer56,807311119,15,276210,01/03/1404,9,4143150
163,customer56,807311125,2,340890,01/03/1404,10,681780
163,customer56,813121025,100,1014530,01/03/1404,11,101453000
163,customer56,855121906,4,1102200,01/03/1404,12,4408800
163,customer56,855121908,4,2337060,01/03/1404,13,9348240
163,customer56,855311134,4,10080400,01/03/1404,14,40321600
163,customer56,855121404,2,2419670,01/03/1404,15,4839340
163,customer56,861641102,48,1719190,01/03/1404,16,82521120
163,customer56,855121242,4,2355320,01/03/1404,17,9421280
163,customer56,855212402,48,1719850,01/03/1404,18,82552800
163,customer56,813121016,600,339240,01/03/1404,19,203544000
163,customer56,807311113,4,113960,01/03/1404,20,455840
163,customer56,807261401,100,24640,01/03/1404,21,2464000
164,customer13,855121502,8,2094180,04/03/1404,1,16753440
164,customer13,341213,110,885940,04/03/1404,2,97453400
164,customer13,855121404,10,2419670,04/03/1404,3,24196700
164,customer13,855341305,80,639870,04/03/1404,4,51189600
165,customer1,819161020,40,258280,04/03/1404,1,10331200
167,customer57,855321301,250,43890,17/02/1404,1,10972500
167,customer57,855121104,40,1247070,17/02/1404,2,49882800
167,customer57,855121102,50,587950,17/02/1404,3,29397500
167,customer57,855212402,192,1719850,17/02/1404,4,330211200
167,customer57,861641110,40,1980990,17/02/1404,5,79239600
167,customer57,861641102,144,1719190,17/02/1404,6,247563360
167,customer57,323045,5,11620290,17/02/1404,7,58101450
167,customer57,855311134,5,10080400,17/02/1404,8,50402000
167,customer57,855121908,60,2337060,17/02/1404,9,140223600
167,customer57,855311135,5,12488410,17/02/1404,10,62442050
167,customer57,807311119,105,276210,17/02/1404,11,29002050
167,customer57,323065,3,13808520,17/02/1404,12,41425560
167,customer57,813121020,750,598950,17/02/1404,13,449212500
167,customer57,813121025,400,1014530,17/02/1404,14,405812000
167,customer57,813121016,2000,339240,17/02/1404,15,678480000
167,customer57,323125,5,29100500,17/02/1404,16,145502500
167,customer57,807211141,200,104390,17/02/1404,17,20878000
167,customer57,855121234,15,2097370,17/02/1404,18,31460550
167,customer57,855121142,30,1139270,17/02/1404,19,34178100
167,customer57,641312,32,5886980,17/02/1404,20,188383360
167,customer57,855121190,60,1226060,17/02/1404,21,73563600
167,customer57,855121162,20,1092190,17/02/1404,22,21843800
167,customer57,855211126,10,5020510,17/02/1404,23,50205100
167,customer57,323075,3,15999720,17/02/1404,24,47999160
167,customer57,855212424,24,5267680,17/02/1404,25,126424320
167,customer57,641324,24,6221490,17/02/1404,26,149315760
167,customer57,855311132,5,5156690,17/02/1404,27,25783450
167,customer57,855311238,8,28935500,17/02/1404,28,231484000
167,customer57,855311133,5,7529940,17/02/1404,29,37649700
167,customer57,855212410,40,3173280,17/02/1404,30,126931200
167,customer57,855211302,72,2593910,17/02/1404,31,186761520
167,customer57,855211136,8,5125120,17/02/1404,32,41000960
167,customer57,855211326,32,3985190,17/02/1404,33,127526080
167,customer57,855211122,20,2998380,17/02/1404,34,59967600
167,customer57,855121402,15,1476200,17/02/1404,35,22143000
167,customer57,855121192,45,1659790,17/02/1404,36,74690550
168,customer58,819141025,500,460350,04/03/1404,1,230175000
168,customer58,855181102,15,2339370,04/03/1405,2,35090550
168,customer58,855212424,24,5267680,04/03/1406,3,126424320
168,customer58,855181108,12,7458390,04/03/1407,4,89500680
168,customer58,855181106,8,4901930,04/03/1408,5,39215440
168,customer58,819161020,1120,258280,04/03/1409,6,289273600
168,customer58,807261401,600,24640,04/03/1410,7,14784000
169,customer59,77,2,1900000,25/02/1404,1,3800000
169,customer59,1002,1,66590000,25/02/1404,2,66590000
169,customer59,1003,1,84398000,25/02/1404,3,84398000
169,customer59,855321701,2,28160,25/02/1404,4,56320
169,customer59,855321705,2,40700,25/02/1404,5,81400
170,customer60,686,1,1500000,25/02/1404,1,1500000
170,customer60,170,1,1500000,25/02/1404,2,1500000
171,customer44,855162402,1,1302730,25/02/1404,1,1302730
171,customer44,813121025,20,1014530,25/02/1404,2,20290600
171,customer44,855121232,1,1135200,25/02/1404,3,1135200
171,customer44,855121906,1,1102200,25/02/1404,4,1102200
171,customer44,813121016,26,339240,25/02/1404,5,8820240
171,customer44,371016,60,32780,25/02/1404,6,1966800
171,customer44,855141554,1,3474130,25/02/1404,7,3474130
172,customer3,855341101,3,444920,24/01/1404,1,1334760
172,customer3,133,1,400000,24/01/1404,2,400000
172,customer3,855121202,1,1633170,24/01/1404,3,1633170
173,customer61,879475531,1,2425000,05/03/1404,1,2425000
175,customer62,855341701,1,481140,06/03/1404,1,481140
175,customer62,855321201,2,31900,06/03/1404,2,63800
175,customer62,681802,2,3329810,06/03/1404,3,6659620
175,customer62,855321505,2,87340,06/03/1404,4,174680
175,customer62,819141025,15,460350,06/03/1404,5,6905250
175,customer62,807211109,2,12100,06/03/1404,6,24200
175,customer62,861645201,1,1636030,06/03/1404,7,1636030
175,customer62,855321105,5,40700,06/03/1404,8,203500
176,customer42,819161020,420,258280,07/03/1404,1,108477600
177,customer42,1144,96,675000,07/03/1404,1,64800000
178,customer31,855341101,190,414920,07/03/1404,1,78834800
178,customer31,855321741,80,215380,07/03/1404,2,17230400
178,customer31,855461131,10,944130,07/03/1404,3,9441300
179,customer7,1137,2,8650000,07/03/1404,1,17300000
179,customer7,1136,20,3840000,07/03/1404,2,76800000
179,customer7,1135,20,5040000,07/03/1404,3,100800000
180,customer7,819161020,280,258280,07/03/1404,1,72318400
180,customer7,855461131,20,944130,07/03/1404,2,18882600
183,customer63,1142,10,222000,08/03/1404,1,2220000
183,customer63,1149,1,463000,08/03/1404,2,463000
185,customer31,861645201,20,1636030,07/03/1404,1,32720600
185,customer31,813121020,300,598950,07/03/1404,2,179685000
185,customer31,813121025,200,1014530,07/03/1404,3,202906000
185,customer31,807311119,60,276210,07/03/1404,4,16572600
185,customer31,323065,3,13808520,07/03/1404,5,41425560
185,customer31,855121242,10,2355320,07/03/1404,6,23553200
185,customer31,855212402,96,1719850,07/03/1404,7,165105600
185,customer31,861641102,96,1719190,07/03/1404,8,165042240
185,customer31,855121908,20,2337060,07/03/1404,9,46741200
185,customer31,855121906,20,1102200,07/03/1404,10,22044000
185,customer31,855341301,240,436370,07/03/1404,11,104728800
185,customer31,819141025,300,460350,07/03/1404,12,138105000
185,customer31,819141020,980,291720,07/03/1404,13,285885600
185,customer31,861645155,20,2375560,07/03/1404,14,47511200
185,customer31,855321505,100,87340,07/03/1404,15,8734000
185,customer31,819141032,80,868230,07/03/1404,16,69458400
185,customer31,855321101,360,33330,07/03/1404,17,11998800
185,customer31,855321301,500,43890,07/03/1404,18,21945000
185,customer31,855321501,170,61710,07/03/1404,19,10490700
185,customer31,855341201,190,680020,07/03/1404,20,129203800
185,customer31,807211129,600,18590,07/03/1404,21,11154000
185,customer31,813121016,1400,339240,07/03/1404,22,474936000
185,customer31,855121102,50,587950,07/03/1404,23,29397500
185,customer31,855321405,180,66990,07/03/1404,24,12058200
185,customer31,807311113,60,113960,07/03/1404,25,6837600
185,customer31,855341805,10,2745820,07/03/1404,26,27458200
185,customer31,855341801,40,1966910,07/03/1404,27,78676400
185,customer31,855121936,10,2358730,07/03/1404,28,23587300
185,customer31,819121025,200,536470,07/03/1404,29,107294000
185,customer31,819121020,280,338140,07/03/1404,30,94679200
185,customer31,819121032,80,1078660,07/03/1404,31,86292800
185,customer31,855211112,20,1617440,07/03/1404,32,32348800
185,customer31,855311239,2,31838730,07/03/1404,33,63677460
185,customer31,855181102,14,2339370,07/03/1404,34,32751180
185,customer31,855211302,10,2593910,07/03/1404,35,25939100
185,customer31,855211410,16,2828100,07/03/1404,36,45249600
185,customer31,855181104,15,3299010,07/03/1404,37,49485150
185,customer31,855311237,2,24768920,07/03/1404,38,49537840
185,customer31,855211122,10,2998380,07/03/1404,39,29983800
185,customer31,163642,64,2838990,07/03/1404,40,181695360
185,customer31,855181504,10,5213230,07/03/1404,41,52132300
185,customer31,323095,2,20378160,07/03/1404,42,40756320
185,customer31,323075,2,15999720,07/03/1404,43,31999440
185,customer31,855181106,7,4901930,07/03/1404,44,34313510
185,customer31,855641135,10,1615790,07/03/1404,45,16157900
185,customer31,855311233,4,10863820,07/03/1404,46,43455280
185,customer31,855341809,10,3573900,07/03/1404,47,35739000
185,customer31,807261401,300,24640,07/03/1404,48,7392000
186,customer64,879021,1,60000000,27/02/1404,1,60000000
187,customer53,813121020,6,598950,25/02/1404,1,3593700
187,customer53,92632,6,1567720,25/02/1404,2,9406320
187,customer53,807261409,2,72160,25/02/1404,3,144320
188,customer57,807311110,48,60500,10/03/1404,1,2904000
188,customer57,163642,96,2838990,10/03/1404,2,272543040
189,customer65,819121020,140,338140,10/03/1404,1,47339600
189,customer65,819121025,100,536470,10/03/1404,2,53647000
190,customer48,1151,60,1115000,12/03/1404,1,66900000
190,customer48,1156,50,700000,12/03/1404,2,35000000
190,customer48,1144,288,675000,12/03/1404,3,194400000
190,customer48,1146,80,1130000,12/03/1404,4,90400000
190,customer48,1148,90,405000,12/03/1404,5,36450000
190,customer48,1140,300,520000,12/03/1404,6,156000000
190,customer48,1141,400,400000,12/03/1404,7,160000000
190,customer48,1137,12,8650000,12/03/1404,8,103800000
190,customer48,1136,80,3840000,12/03/1404,9,307200000
190,customer48,1135,30,5040000,12/03/1404,10,151200000
190,customer48,1134,100,7280000,12/03/1404,11,728000000
191,customer7,879114,20,530000,12/03/1404,1,10600000
191,customer7,879101,5,1465000,12/03/1404,2,7325000
191,customer7,1159,10,1070000,12/03/1404,3,10700000
191,customer7,1264,5,13100000,12/03/1404,4,65500000
191,customer7,1266,2,6970000,12/03/1404,5,13940000
191,customer7,1134,15,7280000,12/03/1404,6,109200000
192,customer7,819161020,140,258280,12/03/1404,1,36159200
192,customer7,855341309,10,520080,12/03/1404,2,5200800
192,customer7,807311101,30,38170,12/03/1404,3,1145100
192,customer7,855321305,150,69080,12/03/1404,4,10362000
192,customer7,855341401,30,992970,12/03/1404,5,29789100
193,customer29,807261401,150,24640,12/03/1404,1,3696000
193,customer29,855341201,160,680020,12/03/1404,2,108803200
193,customer29,807211129,300,18590,12/03/1404,3,5577000
193,customer29,855321301,250,43890,12/03/1404,4,10972500
193,customer29,855321501,170,61710,12/03/1404,5,10490700
193,customer29,855321742,50,334290,12/03/1404,6,16714500
193,customer29,855341301,120,436370,12/03/1404,7,52364400
194,customer29,1140,60,520000,12/03/1404,1,31200000
195,customer66,1425,300,223520,12/03/1404,1,67056000
195,customer66,1406,800,66990,12/03/1404,2,53592000
196,customer67,819141020,420,291720,12/03/1404,1,122522400
196,customer67,819141032,80,868230,12/03/1404,2,69458400
196,customer67,1405,1000,56430,12/03/1404,3,56430000
197,customer68,819141020,280,291720,12/03/1404,1,81681600
197,customer68,1406,3800,66990,12/03/1404,2,254562000
197,customer68,1407,2600,81070,12/03/1404,3,210782000
197,customer68,1425,150,223520,12/03/1404,4,33528000
197,customer68,879273,200,155430,12/03/1404,5,31086000
197,customer68,879272,200,121440,12/03/1404,6,24288000
198,customer56,323125,1,24231800,24/02/1404,1,24231800
199,customer69,819141020,140,291720,13/03/1404,1,40840800
199,customer69,819141025,100,460350,13/03/1404,2,46035000
199,customer69,855341301,120,436370,13/03/1404,3,52364400
199,customer69,855341409,17,1342440,13/03/1404,4,22821480
199,customer69,341901,20,653840,13/03/1404,5,13076800
200,customer31,855162402,38,1302730,13/03/1404,1,49503740
200,customer31,855162436,2,6397710,13/03/1404,2,12795420
200,customer31,855162410,2,1782330,13/03/1404,3,3564660
200,customer31,323045,1,11620290,13/03/1404,4,11620290
200,customer31,855141534,6,2576310,13/03/1404,5,15457860
200,customer31,855161702,1,1134650,13/03/1404,6,1134650
200,customer31,323055,1,12606880,13/03/1404,7,12606880
200,customer31,641436,2,11215930,13/03/1404,8,22431860
200,customer31,641202,21,2611400,13/03/1404,9,54839400
200,customer31,371016,100,32780,13/03/1404,10,3278000
200,customer31,371020,100,41470,13/03/1404,11,4147000
200,customer31,855162642,4,2838990,13/03/1404,12,11355960
200,customer31,855162650,2,4267780,13/03/1404,13,8535560
200,customer31,855141554,6,3474130,13/03/1404,14,20844780
200,customer31,855141122,2,1902010,13/03/1404,15,3804020
200,customer31,855141124,2,2696320,13/03/1404,16,5392640
200,customer31,641412,3,6115230,13/03/1404,17,18345690
201,customer1,855341301,120,436370,13/03/1404,1,52364400
201,customer1,819141020,160,291720,13/03/1404,2,46675200
201,customer1,855321301,250,43890,13/03/1404,3,10972500
202,customer1,879516174,2,12550000,13/03/1404,1,25100000
203,customer1,819141020,32,291720,13/03/1404,1,9335040
204,customer1,1249,10,435000,13/03/1404,1,4350000
205,customer1,879091,2,628540,13/03/1404,1,1257080
206,customer9,855121160,60,790020,14/03/1404,1,47401200
206,customer9,855211326,12,3179440,14/03/1404,2,38153280
206,customer9,323055,2,12606880,14/03/1404,3,25213760
206,customer9,813121016,800,339240,14/03/1404,4,271392000
206,customer9,855311134,3,10080400,14/03/1404,5,30241200
206,customer9,855121906,36,1102200,14/03/1404,6,39679200
206,customer9,855311135,2,12488410,14/03/1404,7,24976820
206,customer9,855211424,8,3839880,14/03/1404,8,30719040
207,customer70,516,2,1500000,26/02/1404,1,3000000
207,customer70,747,6,950000,26/02/1404,2,5700000
207,customer70,118,3,60000,26/02/1404,3,180000
207,customer70,417,6,1000000,26/02/1404,4,6000000
207,customer70,641426,2,10681990,26/02/1404,1,21363980
207,customer70,641436,4,11215930,26/02/1404,2,44863720
207,customer70,641202,48,2611400,26/02/1404,3,125347200
207,customer70,855121142,4,1139270,26/02/1404,4,4557080
207,customer70,855311238,4,28935500,26/02/1404,5,115742000
207,customer70,855311133,1,7529940,26/02/1404,6,7529940
207,customer70,371016,300,32780,26/02/1404,7,9834000
207,customer70,371020,100,41470,26/02/1404,8,4147000
207,customer70,855162642,20,1853280,26/02/1404,9,37065600
207,customer70,547,32,67650,26/02/1404,10,2164800
207,customer70,855121188,4,927410,26/02/1404,11,3709640
207,customer70,807311113,8,113960,26/02/1404,12,911680
207,customer70,813121016,400,339240,26/02/1404,13,135696000
207,customer70,855121102,8,587950,26/02/1404,14,4703600
207,customer70,85511134,2,10080400,26/02/1404,15,20160800
207,customer70,855121906,2,1102200,26/02/1404,16,2204400
207,customer70,855121908,4,2337060,26/02/1404,17,9348240
207,customer70,323045,2,11620290,26/02/1404,18,23240580
207,customer70,855162410,4,1782330,26/02/1404,19,7129320
207,customer70,807311119,16,276210,26/02/1404,20,4419360
207,customer70,807311125,2,340890,26/02/1404,21,681780
207,customer70,855121244,4,1952170,26/02/1404,22,7808680
207,customer70,323065,2,13808520,26/02/1404,23,27617040
207,customer70,807311110,10,60500,26/02/1404,24,605000
207,customer70,855162436,4,6397710,26/02/1404,25,25590840
207,customer70,855162402,48,1302730,26/02/1404,26,62531040
207,customer70,807261401,56,24640,26/02/1404,27,1379840
207,customer70,121234,8,2018390,26/02/1404,28,16147120
207,customer70,641412,4,6115230,26/02/1404,29,24460920
209,customer7,641604,4,4493280,12/03/1404,1,17973120
209,customer7,641602,6,3073840,12/03/1404,2,18443040
211,customer71,807261101,10,17160,17/03/1404,1,171600
211,customer71,341901,5,653840,17/03/1404,2,3269200
211,customer71,855321701,10,28160,17/03/1404,3,281600
211,customer71,855321401,10,44990,17/03/1404,4,449900
211,customer71,855321901,5,205000,17/03/1404,5,1025000
211,customer71,855341801,5,1966910,17/03/1404,6,9834550
211,customer71,855341201,5,680020,17/03/1404,7,3400100
211,customer71,855321201,10,31900,17/03/1404,8,319000
211,customer71,855321301,20,43890,17/03/1404,9,877800
211,customer71,855321501,10,61710,17/03/1404,10,617100
211,customer71,855321101,20,33330,17/03/1404,11,666600
211,customer71,855341101,5,414920,17/03/1404,12,2074600
211,customer71,855341301,10,436370,17/03/1404,13,4363700
212,customer71,879245,3,2100000,17/03/1404,1,6300000
214,customer5,855321101,10,33330,17/03/1404,1,333300
214,customer5,855321301,20,43890,17/03/1404,2,877800
215,customer31,861645201,15,1636030,17/03/1404,1,24540450
215,customer31,855321605,120,80190,17/03/1404,2,9622800
215,customer31,819141025,300,460350,17/03/1404,3,138105000
215,customer31,855341301,240,436370,17/03/1404,4,104728800
215,customer31,819141020,280,291720,17/03/1404,5,81681600
215,customer31,855341401,30,992970,17/03/1404,6,29789100
215,customer31,855321505,100,87340,17/03/1404,7,8734000
215,customer31,855321101,360,33330,17/03/1404,8,11998800
215,customer31,855321301,500,43890,17/03/1404,9,21945000
215,customer31,855321305,300,69080,17/03/1404,10,20724000
215,customer31,855321501,340,61710,17/03/1404,11,20981400
215,customer31,807211125,800,17160,17/03/1404,12,13728000
215,customer31,855321201,400,31900,17/03/1404,13,12760000
215,customer31,855321405,180,66990,17/03/1404,14,12058200
215,customer31,861645151,20,1600060,17/03/1404,15,32001200
215,customer31,855341801,20,1966910,17/03/1404,16,39338200
215,customer31,819141063,24,3780807,17/03/1404,17,90739368
215,customer31,819121025,200,536470,17/03/1404,18,107294000
215,customer31,819121020,280,338140,17/03/1404,19,94679200
215,customer31,855341225,10,3860670,17/03/1404,20,38606700
215,customer31,855341345,10,939840,17/03/1404,21,9398400
215,customer31,855321321,16,660330,17/03/1404,22,10565280
215,customer31,855341813,5,6898760,17/03/1404,23,34493800
215,customer31,819141040,48,1457894,17/03/1404,24,69978912
215,customer31,807261401,150,24640,17/03/1404,25,3696000
216,customer31,813121020,300,635690,17/03/1404,1,190707000
216,customer31,855121244,10,1601270,17/03/1404,2,16012700
216,customer31,855121242,10,1931930,17/03/1404,3,19319300
216,customer31,855212402,48,1719850,17/03/1404,4,82552800
216,customer31,855211112,20,1223970,17/03/1404,5,24479400
216,customer31,855213402,10,2491940,17/03/1404,6,24919400
216,customer31,855121222,20,724240,17/03/1404,7,14484800
216,customer31,855213410,10,3449050,17/03/1404,8,34490500
216,customer31,855211302,20,1934680,17/03/1404,9,38693600
216,customer31,855311237,4,24768920,17/03/1404,10,99075680
216,customer31,855181504,20,3888390,17/03/1404,11,77767800
217,customer32,855212410,20,3173280,17/03/1404,1,63465600
217,customer32,855181306,23,6135140,17/03/1404,2,141108220
217,customer32,855181506,4,7036260,17/03/1404,3,28145040
217,customer32,855212424,2,5267680,17/03/1404,4,10535360
217,customer32,855181304,6,3580500,17/03/1404,5,21483000
217,customer32,855181558,8,5845070,17/03/1404,6,46760560
218,customer48,807261401,600,24640,18/03/1404,1,14784000
218,customer48,819161020,560,258280,18/03/1404,2,144636800
218,customer48,861645151,55,1600060,18/03/1404,3,88003300
219,customer66,1405,1000,56430,18/03/1404,1,56430000
219,customer66,819141020,140,291720,18/03/1404,2,40840800
220,customer31,371020,400,41470,18/03/1404,1,16588000
220,customer31,371016,400,32780,18/03/1404,2,13112000
221,customer72,341901,2,653840,18/03/1404,1,1307680
221,customer72,855121222,1,724240,18/03/1404,2,724240
221,customer72,855121142,1,1139270,18/03/1404,3,1139270
221,customer72,861645151,1,1600060,18/03/1404,4,1600060
221,customer72,118,12,60000,18/03/1404,5,720000
221,customer72,855341201,1,680020,18/03/1404,6,680020
221,customer72,855321305,15,69080,18/03/1404,7,1036200
221,customer72,855321301,10,43890,18/03/1404,8,438900
221,customer72,855341101,1,414920,18/03/1404,9,414920
221,customer72,855341301,1,436370,18/03/1404,10,436370
221,customer72,343313,1,760100,18/03/1404,11,760100
221,customer72,861645201,2,1636030,18/03/1404,12,3272060
222,customer73,819161020,32,258280,18/03/1404,1,8264960
222,customer73,855341401,10,992970,18/03/1404,2,9929700
222,customer73,855321301,30,43890,18/03/1404,3,1316700
222,customer73,855321209,4,45540,18/03/1404,4,182160
223,customer19,813141025,15,1011000,19/03/1404,1,15165000
224,customer43,879272,400,121440,20/03/1404,1,48576000
224,customer43,48080,150,223520,20/03/1404,2,33528000
224,customer43,1407,1000,81070,20/03/1404,3,81070000
224,customer43,861645151,20,1600060,20/03/1404,4,32001200
224,customer43,855321101,360,33330,20/03/1404,5,11998800
224,customer43,855321501,170,61710,20/03/1404,6,10490700
224,customer43,855321305,150,69080,20/03/1404,7,10362000
224,customer43,855321301,250,43890,20/03/1404,8,10972500
225,customer40,807261401,35,24640,19/03/1404,1,862400
225,customer40,879516143,1,1886040,19/03/1404,2,1886040
225,customer40,312204,2,15890930,19/03/1404,3,31781860
225,customer40,312207,2,27807560,19/03/1404,4,55615120
225,customer40,855121102,4,587950,19/03/1404,5,2351800
225,customer40,813121016,400,360690,19/03/1404,6,144276000
225,customer40,807311113,5,113960,19/03/1404,7,569800
225,customer40,420,3,1000000,19/03/1404,8,3000000
225,customer40,855121432,2,2699070,19/03/1404,9,5398140
225,customer40,855121906,3,1102200,19/03/1404,10,3306600
225,customer40,855162402,22,1302730,19/03/1404,11,28660060
225,customer40,813121020,25,630690,19/03/1404,12,15767250
225,customer40,813121025,2,1075690,19/03/1404,13,2151380
225,customer40,855162424,2,4407810,19/03/1404,14,8815620
225,customer40,807311119,7,276210,19/03/1404,15,1933470
225,customer40,855162410,2,1782330,19/03/1404,16,3564660
225,customer40,855211326,2,3179440,19/03/1404,17,6358880
225,customer40,807311116,4,170940,19/03/1404,18,683760
225,customer40,855162642,15,1853280,19/03/1404,19,27799200
225,customer40,855211112,2,1644500,19/03/1404,20,3289000
225,customer40,323095,1,20378160,19/03/1404,21,20378160
225,customer40,855121235,1,1051710,19/03/1404,22,1051710
225,customer40,641312,1,5886980,19/03/1404,23,5886980
225,customer40,855121142,2,1139270,19/03/1404,24,2278540
226,customer56,855211324,2,3985190,20/03/1404,1,7970380
226,customer56,855211310,5,2833320,20/03/1404,2,14166600
226,customer56,902,20,461780,20/03/1404,3,9235600
226,customer56,903,60,495000,20/03/1404,4,29700000
226,customer56,905,34,686840,20/03/1404,5,23352560
226,customer56,371016,600,32780,20/03/1404,6,19668000
226,customer56,855212670,1,4666310,20/03/1404,7,4666310
226,customer56,163642,8,2838990,20/03/1404,8,22711920
226,customer56,807311119,5,276210,20/03/1404,9,1381050
226,customer56,855121906,2,1102200,20/03/1404,10,2204400
226,customer56,855311135,2,12488410,20/03/1404,11,24976820
226,customer56,861641102,10,1719190,20/03/1404,12,17191900
226,customer56,855211424,2,38398802,20/03/1404,13,76797604
226,customer56,855212402,15,1719850,20/03/1404,14,25797750
226,customer56,813121016,200,339240,20/03/1404,15,67848000
226,customer56,807311113,4,113960,20/03/1404,16,455840
227,customer32,855121104,10,1247070,20/03/1404,1,12470700
227,customer32,813121016,600,360690,20/03/1404,2,216414000
227,customer32,855121908,2,2337060,20/03/1404,3,4674120
227,customer32,855121242,2,2355320,20/03/1404,4,4710640
227,customer32,855212410,10,3173280,20/03/1404,5,31732800
227,customer32,855212402,36,3091330,20/03/1404,6,111287880
227,customer32,861641102,12,1719190,20/03/1404,7,20630280
227,customer32,323065,2,13808520,20/03/1404,8,27617040
227,customer32,807311110,50,60500,20/03/1404,9,3025000
227,customer32,807311125,10,340890,20/03/1404,10,3408900
227,customer32,807241513,60,46200,20/03/1404,11,2772000
227,customer32,813121025,100,1075690,20/03/1404,12,107569000
227,customer32,813121020,300,635690,20/03/1404,13,190707000
227,customer32,855213410,10,4278670,20/03/1404,14,42786700
227,customer32,163642,10,2838990,20/03/1404,15,28389900
227,customer32,807311150,15,723340,20/03/1404,16,10850100
227,customer32,323075,3,15999720,20/03/1404,17,47999160
227,customer32,855212424,8,5267680,20/03/1404,18,42141440
227,customer32,855311236,2,21235280,20/03/1404,19,42470560
228,customer13,855311132,2,5156690,21/03/1404,1,10313380
228,customer13,855212424,8,5267680,21/03/1404,2,42141440
228,customer13,323075,2,15999720,21/03/1404,3,31999440
228,customer13,855162682,10,5943630,21/03/1404,4,59436300
228,customer13,855211312,12,3214420,21/03/1404,5,38573040
228,customer13,855311238,2,28935500,21/03/1404,6,57871000
228,customer13,855211136,8,4805350,21/03/1404,7,38442800
228,customer13,855211122,20,2998380,21/03/1404,8,59967600
228,customer13,323125,2,29100500,21/03/1404,9,58201000
228,customer13,323055,2,12606880,21/03/1404,10,25213760
228,customer13,323065,2,13808520,21/03/1404,11,27617040
228,customer13,807311110,50,60500,21/03/1404,12,3025000
228,customer13,855121908,15,2337060,21/03/1404,13,35055900
228,customer13,861641102,48,1719190,21/03/1404,14,82521120
228,customer13,323045,2,11620290,21/03/1404,15,23240580
228,customer13,641522,12,3521980,21/03/1404,16,42263760
228,customer13,641524,4,3967700,21/03/1404,17,15870800
228,customer13,855211424,8,3839880,21/03/1404,18,30719040
230,customer11,1134,20,6618000,20/03/1404,1,132360000
230,customer11,1136,10,3491000,20/03/1404,2,34910000
231,customer11,819141020,280,291720,20/03/1404,1,81681600
231,customer11,855321101,360,33330,20/03/1404,2,11998800
231,customer11,855321201,40,31900,20/03/1404,3,1276000
231,customer11,861645151,12,1600060,20/03/1404,4,19200720
231,customer11,855341801,8,1966910,20/03/1404,5,15735280
232,customer7,341213,10,885940,22/03/1404,1,8859400
232,customer7,819161025,100,411730,22/03/1404,2,41173000
232,customer7,855341113,10,617870,22/03/1404,3,6178700
232,customer7,855321305,150,69080,22/03/1404,4,10362000
232,customer7,855321505,100,87340,22/03/1404,5,8734000
232,customer7,861645155,35,2375560,22/03/1404,6,83144600
233,customer22,128,2,600000,22/03/1404,1,1200000
233,customer22,855121102,2,587950,22/03/1404,2,1175900
233,customer22,367,2,840000,22/03/1404,3,1680000
233,customer22,365,3,900000,22/03/1404,4,2700000
233,customer22,417,2,1000000,22/03/1404,5,2000000
233,customer22,855121502,2,2094000,22/03/1404,6,4188000
233,customer22,879516055,2,1800000,22/03/1404,7,3600000
234,customer74,879105,10,1063700,31/02/1404,1,10637000
234,customer74,812,19,1166880,31/02/1404,2,22170720
234,customer74,818,19,1617110,31/02/1404,3,30725090
234,customer74,806,26,649110,31/02/1404,4,16876860
234,customer74,807,8,1108800,31/02/1404,5,8870400
234,customer74,829,12,718520,31/02/1404,6,8622240
234,customer74,830,5,1178210,31/02/1404,7,5891050
234,customer74,851,5,412720,31/02/1404,8,2063600
234,customer74,853,14,600380,31/02/1404,9,8405320
234,customer74,854,6,688600,31/02/1404,10,4131600
234,customer74,837,7,1729750,31/02/1404,11,12108250
234,customer74,858,106,323070,31/02/1404,12,34245420
234,customer74,861,18,647240,31/02/1404,13,11650320
234,customer74,862,7,928730,31/02/1404,14,6501110
234,customer74,860,47,240350,31/02/1404,15,11296450
234,customer74,859,56,391710,31/02/1404,16,21935760
234,customer74,871,16,1005620,31/02/1404,17,16089920
234,customer74,872,10,1258840,31/02/1404,18,12588400
234,customer74,873,6,1489620,31/02/1404,19,8937720
234,customer74,874,1,1821160,31/02/1404,20,1821160
234,customer74,863,17,1096370,31/02/1404,21,18638290
234,customer74,847,14,844250,31/02/1404,22,11819500
234,customer74,928,11,2009260,31/02/1404,23,22101860
234,customer74,944,20,587290,31/02/1404,24,11745800
234,customer74,945,10,838640,31/02/1404,25,8386400
234,customer74,948,8,1617110,31/02/1404,26,12936880
234,customer74,938,1,2648910,31/02/1404,27,2648910
234,customer74,929,10,2943490,31/02/1404,28,29434900
234,customer74,889,4,4057790,31/02/1404,29,16231160
234,customer74,869,34,602250,31/02/1404,30,20476500
234,customer74,870,12,943690,31/02/1404,31,11324280
234,customer74,876,5,86020,31/02/1404,32,430100
234,customer74,877,32,169840,31/02/1404,33,5434880
234,customer74,878,2,287100,31/02/1404,34,574200
234,customer74,880,2,1191300,31/02/1404,35,2382600
234,customer74,881,10,1663640,31/02/1404,36,16636400
234,customer74,882,9,1275780,31/02/1404,37,11482020
234,customer74,884,3,1380830,31/02/1404,38,4142490
234,customer74,887,3,2101220,31/02/1404,39,6303660
234,customer74,888,1,5363490,31/02/1404,40,5363490
235,customer7,855341909,10,851070,29/03/1404,1,8510700
235,customer7,341901,10,853840,29/03/1404,2,8538400
235,customer7,855321209,10,45540,29/03/1404,3,455400
235,customer7,855121222,20,724240,29/03/1404,4,14484800
235,customer7,855121235,10,1051710,29/03/1404,5,10517100
235,customer7,1199,100,80000,29/03/1404,6,8000000
235,customer7,855121142,15,1139270,29/03/1404,7,17089050
235,customer7,641642,10,3598540,29/03/1404,8,35985400
235,customer7,861645151,55,1600060,29/03/1404,9,88003300
235,customer7,855321905,10,281490,29/03/1404,10,2814900
235,customer7,855341201,20,680020,29/03/1404,11,13600400
235,customer7,855341101,20,414920,29/03/1404,12,8298400
235,customer7,861645155,10,2375560,29/03/1404,13,23755600
235,customer7,855121232,15,1135200,29/03/1404,14,17028000
236,customer44,855162402,3,1302730,30/03/1404,1,3908190
236,customer44,813121016,27.5,360690,30/03/1404,2,9918975
236,customer44,288,1,4336530,30/03/1404,3,4336530
236,customer44,855121244,1,1952170,30/03/1404,4,1952170
236,customer44,855141102,2,1196910,30/03/1404,5,2393820
236,customer44,855121432,1,2859340,30/03/1404,6,2859340
236,customer44,807311113,2,113960,30/03/1404,7,227920
236,customer44,855141502,1,1825780,30/03/1404,8,1825780
236,customer44,641202,1,2611400,30/03/1404,9,2611400
236,customer44,371016,12,32780,30/03/1404,10,393360
236,customer44,855162682,2,5943630,30/03/1404,11,11887260
236,customer44,807261401,4,24640,30/03/1404,12,98560
237,customer7,1140,60,473000,30/03/1404,1,28380000
238,customer75,879475531,104.5,2425170,30/03/1404,1,253430265
239,customer14,1422,2,13500000,29/03/1404,1,27000000
239,customer14,1134,10,6618000,29/03/1404,2,66180000
239,customer14,1136,10,3491000,29/03/1404,3,34910000
239,customer14,1140,60,473000,29/03/1404,4,28380000
239,customer14,1148,90,750000,29/03/1404,5,67500000
239,customer14,1146,20,1027000,29/03/1404,6,20540000
239,customer14,1151,30,1014000,29/03/1404,7,30420000
239,customer14,1264,10,11800000,29/03/1404,8,118000000
239,customer14,1266,10,6336000,29/03/1404,9,63360000
239,customer14,1159,30,973000,29/03/1404,10,29190000
239,customer14,1158,40,732000,29/03/1404,11,29280000
240,customer76,1264,3,11800000,29/03/1404,1,35400000
240,customer76,1266,1,6336000,29/03/1404,2,6336000
240,customer76,962,2,656150,29/03/1404,3,1312300
240,customer76,1140,2,473000,29/03/1404,4,946000
241,customer7,879287,20,218000,29/03/1404,1,4360000
241,customer7,1153,20,286000,29/03/1404,2,5720000
241,customer7,1152,20,118000,29/03/1404,3,2360000
242,customer58,855121102,100,587950,22/03/1404,1,58795000
242,customer58,855212402,96,1719850,22/03/1404,2,165105600
242,customer58,813121016,3000,360690,22/03/1404,3,1082070000
242,customer58,813121025,300,1075690,22/03/1404,4,322707000
242,customer58,807311119,105,276210,22/03/1404,5,29002050
242,customer58,807311125,60,340890,22/03/1404,6,20453400
242,customer58,855311237,8,24768920,22/03/1404,7,198151360
242,customer58,855181102,64,2339370,22/03/1404,8,149719680
242,customer58,807261409,120,72160,22/03/1404,9,8659200
242,customer58,819161020,2100,258280,22/03/1404,10,542388000
242,customer58,819161025,500,411730,22/03/1404,11,205865000
242,customer58,807261401,1500,24640,22/03/1404,12,36960000
243,customer77,1405,200,56430,21/03/1404,1,11286000
243,customer77,1425,150,223520,21/03/1404,2,33528000
243,customer77,861645201,65,1636030,21/03/1404,3,106341950
243,customer77,855321301,250,43890,21/03/1404,4,10972500
244,customer78,109,1,3900000,22/03/1404,1,3900000
244,customer78,965,2,2850000,22/03/1404,2,5700000
244,customer78,879161,2,2100000,22/03/1404,3,4200000
244,customer78,879245,2,1900000,22/03/1404,4,3800000
244,customer78,879516127,4,6268350,22/03/1404,5,25073400
245,customer27,855162642,4,1853280,17/03/1404,1,7413120
246,customer27,855161710,4,1369500,17/03/1404,1,5478000
246,customer27,813121025,3,1075690,17/03/1404,2,3227070
246,customer27,813121020,106,635690,17/03/1404,3,67383140
246,customer27,855141104,2,1939850,17/03/1404,4,3879700
246,customer27,855311134,2,10087400,17/03/1404,5,20174800
246,customer27,807311113,2,113960,17/03/1404,6,227920
246,customer27,747,3,950000,17/03/1404,7,2850000
246,customer27,641202,2,2081750,17/03/1404,8,4163500
246,customer27,641412,2,6115230,17/03/1404,9,12230460
247,customer45,855341301,10,436370,17/03/1404,1,4363700
247,customer45,807261401,12,28160,17/03/1404,2,337920
248,customer35,855321309,5,115830,15/03/1404,1,579150
249,customer59,879516204,1,1300000,30/03/1404,1,1300000
249,customer59,879516044,1,3000000,30/03/1404,2,3000000
249,customer59,879132,1,3000000,30/03/1404,3,3000000
249,customer59,879062,1,52000000,30/03/1404,4,52000000
249,customer59,1025,1,58700000,30/03/1404,5,58700000
249,customer59,1024,1,95000000,30/03/1404,6,95000000
251,customer79,855121102,5,587950,28/03/1404,1,2939750
251,customer79,129,12,2100000,28/03/1404,2,25200000
251,customer79,418,2,900000,28/03/1404,3,1800000
251,customer79,417,1,1000000,28/03/1404,4,1000000
251,customer79,641524,2,3967700,28/03/1404,5,7935400
251,customer79,365,2,900000,28/03/1404,6,1800000
251,customer79,367,4,900000,28/03/1404,7,3600000
251,customer79,855121190,2,1226060,28/03/1404,8,2452120
251,customer79,861641624,2,3521980,28/03/1404,9,7043960
251,customer79,641642,1,3598540,28/03/1404,10,3598540
251,customer79,978,1,3200000,28/03/1404,11,3200000
251,customer79,516,1,1886000,28/03/1404,12,1886000
251,customer79,685,1,9200000,28/03/1404,13,9200000
251,customer79,611,1,600000,28/03/1404,14,600000
251,customer79,762,3,950000,28/03/1404,15,2850000
251,customer79,855121186,3,849970,28/03/1404,16,2549910
251,customer79,855121188,2,927410,28/03/1404,17,1854820
251,customer79,855121182,5,631400,28/03/1404,18,3157000
251,customer79,855121502,2,2094000,28/03/1404,19,4188000
251,customer79,879193,1,1800000,28/03/1404,20,1800000
251,customer79,879168,1,66000000,28/03/1404,21,66000000
251,customer79,879161,2,2400000,28/03/1404,22,4800000
251,customer79,855121402,2,1476200,28/03/1404,23,2952400
251,customer79,879516158,1,56500000,28/03/1404,24,56500000
251,customer79,879516159,1,34500000,28/03/1404,25,34500000
251,customer79,879516160,1,18700000,28/03/1404,26,18700000
251,customer79,879516167,1,18000000,28/03/1404,27,18000000
251,customer79,879516054,5,1850000,28/03/1404,28,9250000
251,customer79,891752156,1,57000000,28/03/1404,29,57000000
251,customer79,891752157,1,29000000,28/03/1404,30,29000000
251,customer79,891752158,1,28000000,28/03/1404,31,28000000
251,customer79,891752159,1,9500000,28/03/1404,32,9500000
251,customer79,891752160,1,47900000,28/03/1404,33,47900000
251,customer79,891752161,1,30150000,28/03/1404,34,30150000
251,customer79,891752162,1,20800000,28/03/1404,35,20800000
251,customer79,891752163,1,25300000,28/03/1404,36,25300000
252,customer73,641604,1,4493280,21/03/1404,1,4493280
252,customer73,855121104,1,1247070,21/03/1404,2,1247070
252,customer73,855341121,1,1492590,21/03/1404,3,1492590
252,customer73,855121235,1,1051710,21/03/1404,4,1051710
253,customer72,807261401,20,24640,16/03/1404,1,492800
253,customer72,855321621,1,144870,16/03/1404,2,144870
253,customer72,855341345,2,939840,16/03/1404,3,1879680
253,customer72,807341020,1,1804330,16/03/1404,4,1804330
253,customer72,807341025,1,2438260,16/03/1404,5,2438260
253,customer72,855321205,2,36630,16/03/1404,6,73260
253,customer72,855321209,4,45540,16/03/1404,7,182160
253,customer72,807261405,10,48070,16/03/1404,8,480700
253,customer72,861645159,1,3526820,16/03/1404,9,3526820
253,customer72,855321701,10,28160,16/03/1404,10,281600
253,customer72,855321109,6,70840,16/03/1404,11,425040
253,customer72,855321371,20,71390,16/03/1404,12,1427800
253,customer72,819121032,12,1078660,16/03/1404,13,12943920
253,customer72,819121020,20,338140,16/03/1404,14,6762800
253,customer72,819121025,60,536470,16/03/1404,15,32188200
253,customer72,855341805,4,2745820,16/03/1404,16,10983280
253,customer72,807211129,30,18590,16/03/1404,17,557700
253,customer72,807211125,30,17160,16/03/1404,18,514800
253,customer72,855321501,30,61710,16/03/1404,19,1851300
253,customer72,855321301,10,43890,16/03/1404,20,438900
253,customer72,855321742,10,334290,16/03/1404,21,3342900
253,customer72,855321741,10,215380,16/03/1404,22,2153800
253,customer72,855321101,20,33330,16/03/1404,23,666600
253,customer72,855321505,25,87340,16/03/1404,24,2183500
253,customer72,855341301,40,436370,16/03/1404,25,17454800
253,customer72,855321309,4,115830,16/03/1404,26,463320
253,customer72,855321509,4,148390,16/03/1404,27,593560
253,customer72,855341305,10,639870,16/03/1404,28,6398700
253,customer72,807211109,20,12100,16/03/1404,29,242000
253,customer72,807211113,9,20900,16/03/1404,30,188100
253,customer72,855321105,20,40700,16/03/1404,31,814000
253,customer72,807211105,20,11000,16/03/1404,32,220000
254,customer35,855321309,5,115830,17/03/1404,1,579150
255,customer80,1151,30,1014000,31/03/1404,1,30420000
255,customer80,1144,48,614000,31/03/1404,2,29472000
255,customer80,1135,20,4582000,31/03/1404,3,91640000
255,customer80,1136,20,3491000,31/03/1404,4,69820000
255,customer80,1134,20,6618000,31/03/1404,5,132360000
256,customer80,861645151,10,1600060,31/03/1404,1,16000600
256,customer80,819161025,100,411730,31/03/1404,2,41173000
256,customer80,819161020,420,258280,31/03/1404,3,108477600
257,customer80,855321301,250,43890,31/03/1404,1,10972500
258,customer80,1271,15,122000,31/03/1404,1,1830000
258,customer80,1272,15,223000,31/03/1404,2,3345000
270,customer9,1273,30,286000,22/03/1404,1,8580000
270,customer9,1145,40,210000,22/03/1404,2,8400000
270,customer9,1266,20,6336000,22/03/1404,3,126720000
275,customer81,879516142,32,31066310,29/03/1404,1,994121920
275,customer81,312256,32,18555570,29/03/1404,2,593778240
275,customer81,807211141,200,104390,29/03/1404,3,20878000
275,customer81,855162642,350,1853280,29/03/1404,4,648648000
275,customer81,807311116,80,170940,29/03/1404,5,13675200
275,customer81,855211326,32,3179440,29/03/1404,6,101742080
275,customer81,641326,18,6896890,29/03/1404,7,124144020
275,customer81,855161702,540,1134650,29/03/1404,8,612711000
275,customer81,807311113,100,113960,29/03/1404,9,11396000
275,customer81,813121016,7000,360690,29/03/1404,10,2524830000
275,customer81,855121906,80,1102200,29/03/1404,11,88176000
275,customer81,323045,16,11620290,29/03/1404,12,185924640
275,customer81,855162410,32,1782330,29/03/1404,13,57034560
275,customer81,807311119,180,276210,29/03/1404,14,49717800
275,customer81,855162424,32,4407810,29/03/1404,15,141049920
275,customer81,323065,16,13808520,29/03/1404,16,220936320
275,customer81,813121020,150,635690,29/03/1404,17,95353500
275,customer81,855121025,600,1075690,29/03/1404,18,645414000
275,customer81,855161710,32,1369500,29/03/1404,19,43824000
275,customer81,855162402,540,1302730,29/03/1404,20,703474200
276,customer56,547,100,67650,21/03/1404,1,6765000
276,customer56,371016,400,32780,21/03/1404,2,13112000
276,customer56,371020,400,41470,21/03/1404,3,16588000
276,customer56,546,200,52360,21/03/1404,4,10472000
284,customer31,861645201,20,1636030,21/03/1404,1,32720600
284,customer31,813121020,300,635690,21/03/1404,2,190707000
284,customer31,813121025,200,1075690,21/03/1404,3,215138000
284,customer31,807311119,60,276210,21/03/1404,4,16572600
284,customer31,323065,3,13808520,21/03/1404,5,41425560
284,customer31,807311110,20,60500,21/03/1404,6,1210000
284,customer31,855121242,10,2355320,21/03/1404,7,23553200
284,customer31,855212410,15,3173280,21/03/1404,8,47599200
284,customer31,855212402,144,1719850,21/03/1404,9,247658400
284,customer31,861641110,40,1980990,21/03/1404,10,79239600
284,customer31,861641102,144,1719190,21/03/1404,11,247563360
284,customer31,855121908,10,2337060,21/03/1404,12,23370600
284,customer31,855341305,80,639870,21/03/1404,13,51189600
284,customer31,855341317,80,853600,21/03/1404,14,68288000
284,customer31,855321605,120,80190,21/03/1404,15,9622800
284,customer31,819141025,500,460350,21/03/1404,16,230175000
284,customer31,855341301,240,436370,21/03/1404,17,104728800
284,customer31,819141020,1400,291720,21/03/1404,18,408408000
284,customer31,861645155,20,2375560,21/03/1404,19,47511200
284,customer31,855341401,30,992970,21/03/1404,20,29789100
284,customer31,855321505,100,87340,21/03/1404,21,8734000
284,customer31,819141032,160,868230,21/03/1404,22,138916800
284,customer31,855321101,720,33330,21/03/1404,23,23997600
284,customer31,855321301,750,43890,21/03/1404,24,32917500
284,customer31,855321305,150,69080,21/03/1404,25,10362000
284,customer31,855321501,170,61710,21/03/1404,26,10490700
284,customer31,807211125,400,17160,21/03/1404,27,6864000
284,customer31,813121016,1600,360690,21/03/1404,28,577104000
284,customer31,855341309,95,520080,21/03/1404,29,49407600
284,customer31,807311113,50,113960,21/03/1404,30,5698000
284,customer31,861645151,20,1600060,21/03/1404,31,32001200
284,customer31,855341801,20,196691,21/03/1404,32,3933820
284,customer31,855341805,10,2745820,21/03/1404,33,27458200
284,customer31,855341701,100,481140,21/03/1404,34,48114000
284,customer31,855121235,10,1051710,21/03/1404,35,10517100
284,customer31,819121025,200,536470,21/03/1404,36,107294000
284,customer31,819121032,80,1078660,21/03/1404,37,86292800
284,customer31,8553111234,4,14485130,21/03/1404,38,57940520
284,customer31,855311239,2,31838730,21/03/1404,39,63677460
284,customer31,855121222,20,724240,21/03/1404,40,14484800
284,customer31,855311238,6,28935500,21/03/1404,41,173613000
284,customer31,855211410,16,2828100,21/03/1404,42,45249600
284,customer31,163642,64,2838990,21/03/1404,43,181695360
284,customer31,855311235,4,18098410,21/03/1404,44,72393640
284,customer31,855181504,10,5213230,21/03/1404,45,52132300
284,customer31,855211622,5,8034180,21/03/1404,46,40170900
284,customer31,855311236,2,21235280,21/03/1404,47,42470560
284,customer31,855211324,16,3985190,21/03/1404,48,63763040
284,customer31,855212424,15,5267680,21/03/1404,49,79015200
284,customer31,855181108,5,7485390,21/03/1404,50,37426950
284,customer31,341213,100,885940,21/03/1404,51,88594000
284,customer31,807261401,300,24640,21/03/1404,52,7392000
344,customer1,1096,91,309760,10/03/1404,1,28188160
